time,value
2021-05-30 15:57:00,
2021-05-30 16:58:00,
2021-05-30 16:58:00,
2021-05-30 16:59:00,69.0
2021-05-30 17:02:00,
2021-05-30 17:02:00,
2021-05-30 17:14:00,66.0
2021-05-30 17:14:00,
2021-05-30 17:14:00,
2021-05-30 17:30:00,62.0
2021-05-30 17:42:00,
2021-05-30 17:42:00,
2021-05-30 17:45:00,60.0
2021-05-30 18:00:00,62.0
2021-05-30 18:15:00,64.0
2021-05-30 18:30:00,67.0
2021-05-30 18:45:00,69.0
2021-05-30 18:55:00,
2021-05-30 18:59:00,73.0
2021-05-30 19:04:00,
2021-05-30 19:04:00,
2021-05-30 19:05:00,
2021-05-30 19:14:00,75.0
2021-05-30 19:29:00,74.0
2021-05-30 19:44:00,70.0
2021-05-30 19:58:00,
2021-05-30 19:58:00,
2021-05-30 19:59:00,68.0
2021-05-30 20:14:00,69.0
2021-05-30 20:29:00,71.0
2021-05-30 20:44:00,69.0
2021-05-30 20:59:00,67.0
2021-05-30 21:14:00,68.0
2021-05-30 21:29:00,71.0
2021-05-30 21:40:00,
2021-05-30 21:40:00,
2021-05-30 21:44:00,67.0
2021-05-30 21:59:00,59.0
2021-05-30 22:14:00,58.0
2021-05-30 22:39:00,
2021-05-31 04:16:00,55.0
2021-05-31 04:31:00,63.0
2021-05-31 04:46:00,60.0
2021-05-31 05:01:00,54.0
2021-05-31 05:16:00,41.0
2021-05-31 05:31:00,40.0
2021-05-31 05:46:00,43.0
2021-05-31 06:01:00,53.0
2021-05-31 06:16:00,59.0
2021-05-31 06:31:00,58.0
2021-05-31 06:46:00,55.0
2021-05-31 07:01:00,61.0
2021-05-31 07:16:00,66.0
2021-05-31 07:31:00,66.0
2021-05-31 07:46:00,55.0
2021-05-31 08:01:00,45.0
2021-05-31 08:05:00,
2021-05-31 08:05:00,
2021-05-31 08:16:00,56.0
2021-05-31 08:31:00,63.0
2021-05-31 08:46:00,63.0
2021-05-31 09:01:00,63.0
2021-05-31 09:16:00,62.0
2021-05-31 09:31:00,63.0
2021-05-31 09:46:00,64.0
2021-05-31 09:50:00,
2021-05-31 09:50:00,
2021-05-31 10:01:00,70.0
2021-05-31 10:03:00,
2021-05-31 10:16:00,65.0
2021-05-31 10:31:00,62.0
2021-05-31 10:46:00,60.0
2021-05-31 11:01:00,63.0
2021-05-31 11:02:00,
2021-05-31 11:02:00,
2021-05-31 11:07:00,
2021-05-31 11:07:00,
2021-05-31 11:17:00,73.0
2021-05-31 11:18:00,
2021-05-31 11:32:00,64.0
2021-05-31 11:47:00,59.0
2021-05-31 12:02:00,57.0
2021-05-31 12:17:00,58.0
2021-05-31 12:32:00,58.0
2021-05-31 12:47:00,56.0
2021-05-31 12:49:00,
2021-05-31 12:49:00,
2021-05-31 13:02:00,59.0
2021-05-31 13:17:00,69.0
2021-05-31 13:32:00,68.0
2021-05-31 13:44:00,
2021-05-31 13:44:00,
2021-05-31 13:47:00,68.0
2021-05-31 14:02:00,65.0
2021-05-31 14:17:00,68.0
2021-05-31 14:27:00,
2021-05-31 14:27:00,
2021-05-31 14:32:00,71.0
2021-05-31 14:47:00,70.0
2021-05-31 15:02:00,69.0
2021-05-31 15:17:00,65.0
2021-05-31 15:32:00,65.0
2021-05-31 15:47:00,65.0
2021-05-31 16:02:00,62.0
2021-05-31 16:17:00,61.0
2021-05-31 16:32:00,59.0
2021-05-31 16:47:00,58.0
2021-05-31 17:02:00,58.0
2021-05-31 17:18:00,60.0
2021-05-31 17:25:00,
2021-05-31 17:25:00,
2021-05-31 17:33:00,60.0
2021-05-31 17:48:00,58.0
2021-05-31 18:03:00,58.0
2021-05-31 18:18:00,61.0
2021-05-31 18:32:00,
2021-05-31 18:32:00,
2021-05-31 18:33:00,58.0
2021-05-31 18:48:00,56.0
2021-05-31 19:03:00,57.0
2021-05-31 19:07:00,
2021-05-31 19:07:00,
2021-05-31 19:18:00,61.0
2021-05-31 19:33:00,63.0
2021-05-31 19:48:00,63.0
2021-05-31 20:03:00,62.0
2021-05-31 20:18:00,66.0
2021-05-31 20:33:00,67.0
2021-05-31 20:48:00,63.0
2021-05-31 21:03:00,58.0
2021-05-31 21:18:00,54.0
2021-05-31 21:33:00,52.0
2021-05-31 21:35:00,
2021-05-31 21:35:00,
2021-05-31 21:48:00,51.0
2021-05-31 22:03:00,46.0
2021-05-31 22:18:00,45.0
2021-05-31 22:33:00,45.0
2021-05-31 22:48:00,47.0
2021-05-31 23:03:00,44.0
2021-05-31 23:25:00,
2021-05-31 23:25:00,
2021-05-31 23:33:00,42.0
2021-05-31 23:48:00,45.0
2021-06-01 00:03:00,50.0
2021-06-01 00:18:00,53.0
2021-06-01 00:33:00,53.0
2021-06-01 00:48:00,55.0
2021-06-01 01:03:00,58.0
2021-06-01 01:18:00,56.0
2021-06-01 01:33:00,53.0
2021-06-01 01:48:00,53.0
2021-06-01 02:03:00,58.0
2021-06-01 02:18:00,55.0
2021-06-01 02:33:00,49.0
2021-06-01 02:48:00,54.0
2021-06-01 03:03:00,60.0
2021-06-01 03:18:00,57.0
2021-06-01 03:33:00,54.0
2021-06-01 03:48:00,50.0
2021-06-01 04:03:00,40.0
2021-06-01 04:18:00,40.0
2021-06-01 04:33:00,40.0
2021-06-01 04:48:00,40.0
2021-06-01 05:03:00,40.0
2021-06-01 05:18:00,40.0
2021-06-01 05:33:00,41.0
2021-06-01 05:48:00,42.0
2021-06-01 06:03:00,41.0
2021-06-01 06:18:00,42.0
2021-06-01 06:33:00,41.0
2021-06-01 06:48:00,44.0
2021-06-01 07:03:00,45.0
2021-06-01 07:18:00,40.0
2021-06-01 07:33:00,
2021-06-01 07:33:00,
2021-06-01 07:34:00,47.0
2021-06-01 07:49:00,51.0
2021-06-01 08:04:00,51.0
2021-06-01 08:19:00,48.0
2021-06-01 08:34:00,45.0
2021-06-01 08:55:00,
2021-06-01 08:55:00,
2021-06-01 09:50:00,60.0
2021-06-01 10:05:00,60.0
2021-06-01 10:20:00,63.0
2021-06-01 10:35:00,64.0
2021-06-01 10:50:00,64.0
2021-06-01 11:05:00,64.0
2021-06-01 11:20:00,64.0
2021-06-01 11:35:00,61.0
2021-06-01 11:50:00,59.0
2021-06-01 12:05:00,60.0
2021-06-01 12:20:00,61.0
2021-06-01 12:35:00,63.0
2021-06-01 12:50:00,64.0
2021-06-01 13:05:00,64.0
2021-06-01 13:20:00,63.0
2021-06-01 13:35:00,62.0
2021-06-01 13:50:00,61.0
2021-06-01 14:05:00,64.0
2021-06-01 14:20:00,75.0
2021-06-01 14:35:00,81.0
2021-06-01 14:50:00,77.0
2021-06-01 15:05:00,72.0
2021-06-01 15:20:00,69.0
2021-06-01 15:35:00,67.0
2021-06-01 15:50:00,69.0
2021-06-01 16:05:00,68.0
2021-06-01 16:20:00,66.0
2021-06-01 16:35:00,67.0
2021-06-01 16:50:00,65.0
2021-06-01 17:05:00,63.0
2021-06-01 17:20:00,62.0
2021-06-01 17:35:00,61.0
2021-06-01 17:43:00,
2021-06-01 17:43:00,
2021-06-01 17:50:00,60.0
2021-06-01 18:05:00,57.0
2021-06-01 18:12:00,
2021-06-01 18:12:00,
2021-06-01 18:20:00,55.0
2021-06-01 18:35:00,55.0
2021-06-01 18:43:00,
2021-06-01 18:43:00,
2021-06-01 18:50:00,61.0
2021-06-01 18:51:00,
2021-06-01 18:51:00,
2021-06-01 19:05:00,71.0
2021-06-01 19:20:00,70.0
2021-06-01 19:35:00,58.0
2021-06-01 19:37:00,
2021-06-01 19:37:00,
2021-06-01 19:50:00,53.0
2021-06-01 20:05:00,53.0
2021-06-01 20:20:00,53.0
2021-06-01 20:35:00,55.0
2021-06-01 20:50:00,57.0
2021-06-01 21:05:00,59.0
2021-06-01 21:06:00,
2021-06-01 21:06:00,
2021-06-01 21:20:00,58.0
2021-06-01 21:35:00,59.0
2021-06-01 22:03:00,
2021-06-01 22:03:00,
2021-06-01 23:52:00,60.0
2021-06-02 00:07:00,55.0
2021-06-02 00:22:00,53.0
2021-06-02 00:37:00,50.0
2021-06-02 00:52:00,40.0
2021-06-02 01:07:00,40.0
2021-06-02 01:22:00,40.0
2021-06-02 01:37:00,40.0
2021-06-02 01:52:00,40.0
2021-06-02 02:07:00,40.0
2021-06-02 02:22:00,40.0
2021-06-02 02:37:00,40.0
2021-06-02 02:52:00,40.0
2021-06-02 03:07:00,40.0
2021-06-02 03:22:00,40.0
2021-06-02 03:37:00,40.0
2021-06-02 03:52:00,40.0
2021-06-02 04:07:00,47.0
2021-06-02 04:22:00,46.0
2021-06-02 04:37:00,40.0
2021-06-02 04:52:00,43.0
2021-06-02 05:07:00,45.0
2021-06-02 05:22:00,42.0
2021-06-02 05:37:00,46.0
2021-06-02 05:52:00,49.0
2021-06-02 06:07:00,46.0
2021-06-02 06:22:00,40.0
2021-06-02 06:37:00,40.0
2021-06-02 06:52:00,40.0
2021-06-02 07:07:00,45.0
2021-06-02 07:22:00,54.0
2021-06-02 07:37:00,58.0
2021-06-02 07:41:00,
2021-06-02 07:41:00,
2021-06-02 07:52:00,56.0
2021-06-02 08:07:00,54.0
2021-06-02 08:22:00,51.0
2021-06-02 08:37:00,50.0
2021-06-02 08:52:00,51.0
2021-06-02 09:07:00,55.0
2021-06-02 09:22:00,63.0
2021-06-02 09:37:00,66.0
2021-06-02 09:52:00,69.0
2021-06-02 10:07:00,69.0
2021-06-02 10:22:00,68.0
2021-06-02 10:37:00,68.0
2021-06-02 10:52:00,68.0
2021-06-02 11:07:00,65.0
2021-06-02 11:22:00,63.0
2021-06-02 11:37:00,63.0
2021-06-02 11:52:00,63.0
2021-06-02 12:07:00,65.0
2021-06-02 12:19:00,
2021-06-02 12:19:00,
2021-06-02 12:22:00,67.0
2021-06-02 12:37:00,64.0
2021-06-02 12:53:00,60.0
2021-06-02 12:54:00,
2021-06-02 12:54:00,
2021-06-02 13:08:00,63.0
2021-06-02 13:23:00,64.0
2021-06-02 13:38:00,64.0
2021-06-02 13:53:00,66.0
2021-06-02 14:08:00,63.0
2021-06-02 14:23:00,57.0
2021-06-02 14:38:00,58.0
2021-06-02 14:53:00,76.0
2021-06-02 15:08:00,87.0
2021-06-02 15:23:00,88.0
2021-06-02 15:38:00,74.0
2021-06-02 15:53:00,60.0
2021-06-02 16:08:00,59.0
2021-06-02 16:23:00,70.0
2021-06-02 16:38:00,73.0
2021-06-02 16:53:00,73.0
2021-06-02 17:08:00,71.0
2021-06-02 17:21:00,
2021-06-02 17:21:00,
2021-06-02 17:23:00,70.0
2021-06-02 17:38:00,72.0
2021-06-02 17:54:00,69.0
2021-06-02 18:01:00,
2021-06-02 18:01:00,
2021-06-02 18:09:00,59.0
2021-06-02 18:24:00,50.0
2021-06-02 18:39:00,57.0
2021-06-02 18:54:00,65.0
2021-06-02 19:09:00,63.0
2021-06-02 19:24:00,70.0
2021-06-02 19:39:00,71.0
2021-06-02 19:54:00,68.0
2021-06-02 20:09:00,72.0
2021-06-02 20:24:00,74.0
2021-06-02 20:39:00,72.0
2021-06-02 20:54:00,71.0
2021-06-02 21:09:00,71.0
2021-06-02 21:24:00,69.0
2021-06-02 21:39:00,68.0
2021-06-02 21:54:00,72.0
2021-06-02 22:09:00,76.0
2021-06-02 22:24:00,74.0
2021-06-02 22:47:00,
2021-06-03 00:55:00,64.0
2021-06-03 01:10:00,67.0
2021-06-03 01:25:00,67.0
2021-06-03 01:40:00,67.0
2021-06-03 01:55:00,64.0
2021-06-03 02:10:00,61.0
2021-06-03 02:25:00,60.0
2021-06-03 02:40:00,60.0
2021-06-03 02:55:00,64.0
2021-06-03 03:10:00,65.0
2021-06-03 03:25:00,63.0
2021-06-03 03:40:00,58.0
2021-06-03 03:55:00,54.0
2021-06-03 04:10:00,55.0
2021-06-03 04:25:00,65.0
2021-06-03 04:40:00,64.0
2021-06-03 04:55:00,61.0
2021-06-03 05:10:00,62.0
2021-06-03 05:25:00,57.0
2021-06-03 05:40:00,52.0
2021-06-03 05:55:00,49.0
2021-06-03 06:10:00,56.0
2021-06-03 06:25:00,65.0
2021-06-03 06:40:00,61.0
2021-06-03 06:55:00,59.0
2021-06-03 07:10:00,62.0
2021-06-03 07:25:00,61.0
2021-06-03 07:40:00,59.0
2021-06-03 07:55:00,61.0
2021-06-03 08:10:00,62.0
2021-06-03 08:25:00,62.0
2021-06-03 08:47:00,
2021-06-03 08:47:00,
2021-06-03 08:56:00,63.0
2021-06-03 09:11:00,63.0
2021-06-03 09:26:00,61.0
2021-06-03 09:41:00,60.0
2021-06-03 09:56:00,67.0
2021-06-03 10:11:00,70.0
2021-06-03 10:26:00,72.0
2021-06-03 10:41:00,75.0
2021-06-03 10:56:00,74.0
2021-06-03 11:11:00,70.0
2021-06-03 11:26:00,68.0
2021-06-03 11:41:00,69.0
2021-06-03 11:56:00,68.0
2021-06-03 12:11:00,66.0
2021-06-03 12:26:00,66.0
2021-06-03 12:41:00,68.0
2021-06-03 12:56:00,65.0
2021-06-03 13:11:00,65.0
2021-06-03 13:26:00,71.0
2021-06-03 13:41:00,77.0
2021-06-03 13:56:00,80.0
2021-06-03 14:11:00,76.0
2021-06-03 14:26:00,71.0
2021-06-03 14:41:00,74.0
2021-06-03 14:56:00,74.0
2021-06-03 15:11:00,68.0
2021-06-03 15:26:00,66.0
2021-06-03 15:41:00,69.0
2021-06-03 15:56:00,75.0
2021-06-03 16:11:00,77.0
2021-06-03 16:26:00,73.0
2021-06-03 16:41:00,72.0
2021-06-03 16:43:00,
2021-06-03 16:56:00,79.0
2021-06-03 17:11:00,82.0
2021-06-03 17:26:00,76.0
2021-06-03 17:41:00,70.0
2021-06-03 17:56:00,69.0
2021-06-03 18:11:00,67.0
2021-06-03 18:26:00,66.0
2021-06-03 18:41:00,65.0
2021-06-03 18:56:00,62.0
2021-06-03 18:56:00,
2021-06-03 18:56:00,
2021-06-03 19:11:00,67.0
2021-06-03 19:27:00,79.0
2021-06-03 19:34:00,
2021-06-03 19:42:00,76.0
2021-06-03 19:57:00,66.0
2021-06-03 20:12:00,70.0
2021-06-03 20:27:00,76.0
2021-06-03 20:42:00,75.0
2021-06-03 20:57:00,72.0
2021-06-03 21:12:00,72.0
2021-06-03 21:27:00,73.0
2021-06-03 21:42:00,73.0
2021-06-03 21:57:00,72.0
2021-06-03 22:12:00,70.0
2021-06-03 22:27:00,68.0
2021-06-03 22:42:00,70.0
2021-06-03 22:57:00,70.0
2021-06-03 23:12:00,68.0
2021-06-03 23:27:00,67.0
2021-06-03 23:42:00,65.0
2021-06-04 00:09:00,
2021-06-04 00:09:00,
2021-06-04 00:27:00,65.0
2021-06-04 00:42:00,65.0
2021-06-04 00:57:00,64.0
2021-06-04 01:12:00,63.0
2021-06-04 01:27:00,63.0
2021-06-04 01:42:00,61.0
2021-06-04 01:57:00,59.0
2021-06-04 02:12:00,60.0
2021-06-04 02:27:00,56.0
2021-06-04 02:42:00,49.0
2021-06-04 02:57:00,52.0
2021-06-04 03:12:00,55.0
2021-06-04 03:27:00,53.0
2021-06-04 03:42:00,57.0
2021-06-04 03:57:00,61.0
2021-06-04 04:12:00,57.0
2021-06-04 04:27:00,54.0
2021-06-04 04:42:00,53.0
2021-06-04 04:57:00,53.0
2021-06-04 05:12:00,49.0
2021-06-04 05:27:00,44.0
2021-06-04 05:42:00,44.0
2021-06-04 05:57:00,50.0
2021-06-04 06:12:00,52.0
2021-06-04 06:27:00,54.0
2021-06-04 06:42:00,49.0
2021-06-04 06:57:00,44.0
2021-06-04 07:12:00,42.0
2021-06-04 07:27:00,50.0
2021-06-04 07:42:00,61.0
2021-06-04 07:57:00,61.0
2021-06-04 08:12:00,61.0
2021-06-04 08:20:00,
2021-06-04 08:20:00,
2021-06-04 08:27:00,63.0
2021-06-04 08:42:00,63.0
2021-06-04 08:57:00,64.0
2021-06-04 09:12:00,67.0
2021-06-04 09:27:00,65.0
2021-06-04 09:42:00,60.0
2021-06-04 09:57:00,60.0
2021-06-04 10:12:00,60.0
2021-06-04 10:27:00,62.0
2021-06-04 10:42:00,66.0
2021-06-04 10:57:00,65.0
2021-06-04 11:12:00,63.0
2021-06-04 11:27:00,65.0
2021-06-04 11:43:00,71.0
2021-06-04 11:53:00,
2021-06-04 11:53:00,
2021-06-04 11:58:00,68.0
2021-06-04 12:13:00,66.0
2021-06-04 12:28:00,69.0
2021-06-04 12:43:00,70.0
2021-06-04 12:58:00,68.0
2021-06-04 13:13:00,65.0
2021-06-04 13:28:00,64.0
2021-06-04 13:43:00,77.0
2021-06-04 13:58:00,105.0
2021-06-04 14:13:00,112.0
2021-06-04 14:28:00,106.0
2021-06-04 14:42:00,91.0
2021-06-04 14:50:00,
2021-06-04 14:50:00,
2021-06-04 14:57:00,77.0
2021-06-04 15:12:00,69.0
2021-06-04 15:27:00,70.0
2021-06-04 15:42:00,75.0
2021-06-04 15:45:00,
2021-06-04 15:58:00,76.0
2021-06-04 16:09:00,
2021-06-04 16:13:00,71.0
2021-06-04 16:27:00,
2021-06-04 16:27:00,
2021-06-04 16:28:00,70.0
2021-06-04 16:43:00,69.0
2021-06-04 16:58:00,68.0
2021-06-04 17:03:00,
2021-06-04 17:03:00,
2021-06-04 17:13:00,70.0
2021-06-04 17:28:00,71.0
2021-06-04 17:43:00,69.0
2021-06-04 17:58:00,69.0
2021-06-04 18:13:00,69.0
2021-06-04 18:22:00,
2021-06-04 18:22:00,
2021-06-04 18:28:00,69.0
2021-06-04 18:43:00,70.0
2021-06-04 18:58:00,71.0
2021-06-04 19:13:00,72.0
2021-06-04 19:27:00,
2021-06-04 19:28:00,73.0
2021-06-04 19:44:00,71.0
2021-06-04 19:52:00,
2021-06-04 19:52:00,
2021-06-04 19:59:00,70.0
2021-06-04 20:14:00,72.0
2021-06-04 20:29:00,73.0
2021-06-04 20:44:00,72.0
2021-06-04 20:58:00,72.0
2021-06-04 21:12:00,
2021-06-04 21:13:00,70.0
2021-06-04 21:28:00,67.0
2021-06-04 21:43:00,67.0
2021-06-04 21:58:00,64.0
2021-06-04 22:12:00,
2021-06-04 22:12:00,
2021-06-04 22:13:00,71.0
2021-06-04 22:29:00,94.0
2021-06-04 22:30:00,
2021-06-04 22:44:00,95.0
2021-06-04 22:59:00,77.0
2021-06-04 23:14:00,66.0
2021-06-04 23:29:00,73.0
2021-06-04 23:35:00,
2021-06-04 23:44:00,68.0
2021-06-04 23:59:00,61.0
2021-06-05 00:14:00,58.0
2021-06-05 00:29:00,55.0
2021-06-05 00:44:00,54.0
2021-06-05 00:59:00,58.0
2021-06-05 01:14:00,60.0
2021-06-05 01:29:00,60.0
2021-06-05 01:44:00,61.0
2021-06-05 01:59:00,60.0
2021-06-05 02:14:00,58.0
2021-06-05 02:29:00,56.0
2021-06-05 02:44:00,55.0
2021-06-05 02:59:00,61.0
2021-06-05 03:14:00,63.0
2021-06-05 03:29:00,61.0
2021-06-05 03:44:00,59.0
2021-06-05 03:59:00,57.0
2021-06-05 04:14:00,55.0
2021-06-05 04:29:00,50.0
2021-06-05 04:44:00,50.0
2021-06-05 04:59:00,51.0
2021-06-05 05:14:00,55.0
2021-06-05 05:29:00,58.0
2021-06-05 05:44:00,51.0
2021-06-05 05:59:00,42.0
2021-06-05 06:14:00,41.0
2021-06-05 06:29:00,53.0
2021-06-05 06:34:00,
2021-06-05 06:34:00,
2021-06-05 06:44:00,62.0
2021-06-05 06:59:00,57.0
2021-06-05 07:14:00,59.0
2021-06-05 07:29:00,63.0
2021-06-05 07:44:00,64.0
2021-06-05 07:59:00,64.0
2021-06-05 08:14:00,64.0
2021-06-05 08:30:00,65.0
2021-06-05 08:36:00,
2021-06-05 08:36:00,
2021-06-05 08:45:00,64.0
2021-06-05 09:00:00,65.0
2021-06-05 09:15:00,64.0
2021-06-05 09:30:00,65.0
2021-06-05 09:45:00,64.0
2021-06-05 09:52:00,
2021-06-05 09:52:00,
2021-06-05 10:00:00,64.0
2021-06-05 10:15:00,64.0
2021-06-05 10:30:00,65.0
2021-06-05 10:45:00,65.0
2021-06-05 10:54:00,
2021-06-05 10:54:00,
2021-06-05 11:00:00,64.0
2021-06-05 11:15:00,63.0
2021-06-05 11:30:00,64.0
2021-06-05 11:45:00,65.0
2021-06-05 12:00:00,64.0
2021-06-05 12:15:00,62.0
2021-06-05 12:30:00,63.0
2021-06-05 12:45:00,62.0
2021-06-05 13:00:00,61.0
2021-06-05 13:15:00,64.0
2021-06-05 13:30:00,68.0
2021-06-05 13:45:00,70.0
2021-06-05 14:00:00,72.0
2021-06-05 14:15:00,73.0
2021-06-05 14:30:00,76.0
2021-06-05 14:45:00,77.0
2021-06-05 15:00:00,71.0
2021-06-05 15:15:00,63.0
2021-06-05 15:30:00,60.0
2021-06-05 15:45:00,61.0
2021-06-05 16:00:00,60.0
2021-06-05 16:15:00,59.0
2021-06-05 16:22:00,
2021-06-05 16:22:00,
2021-06-05 16:30:00,61.0
2021-06-05 16:45:00,63.0
2021-06-05 17:00:00,66.0
2021-06-05 17:15:00,66.0
2021-06-05 17:31:00,62.0
2021-06-05 17:39:00,
2021-06-05 17:39:00,
2021-06-05 17:46:00,60.0
2021-06-05 18:01:00,60.0
2021-06-05 18:16:00,61.0
2021-06-05 18:31:00,60.0
2021-06-05 18:46:00,59.0
2021-06-05 19:01:00,58.0
2021-06-05 19:16:00,59.0
2021-06-05 19:31:00,64.0
2021-06-05 19:46:00,67.0
2021-06-05 20:01:00,66.0
2021-06-05 20:16:00,63.0
2021-06-05 20:31:00,62.0
2021-06-05 20:46:00,63.0
2021-06-05 21:01:00,65.0
2021-06-05 21:16:00,65.0
2021-06-05 21:31:00,66.0
2021-06-05 21:46:00,69.0
2021-06-05 21:52:00,
2021-06-05 21:52:00,
2021-06-05 22:01:00,60.0
2021-06-05 22:16:00,54.0
2021-06-05 22:31:00,50.0
2021-06-05 22:46:00,60.0
2021-06-05 23:01:00,62.0
2021-06-05 23:16:00,64.0
2021-06-05 23:31:00,68.0
2021-06-05 23:47:00,66.0
2021-06-05 23:51:00,
2021-06-06 00:02:00,67.0
2021-06-06 00:17:00,68.0
2021-06-06 00:32:00,71.0
2021-06-06 00:47:00,70.0
2021-06-06 01:02:00,67.0
2021-06-06 01:17:00,69.0
2021-06-06 01:32:00,71.0
2021-06-06 01:47:00,71.0
2021-06-06 02:02:00,69.0
2021-06-06 02:17:00,63.0
2021-06-06 02:32:00,61.0
2021-06-06 02:47:00,63.0
2021-06-06 03:02:00,67.0
2021-06-06 03:17:00,66.0
2021-06-06 03:32:00,65.0
2021-06-06 03:47:00,64.0
2021-06-06 04:02:00,66.0
2021-06-06 04:17:00,63.0
2021-06-06 04:32:00,61.0
2021-06-06 04:47:00,67.0
2021-06-06 05:02:00,68.0
2021-06-06 05:17:00,67.0
2021-06-06 05:32:00,63.0
2021-06-06 05:47:00,61.0
2021-06-06 06:02:00,65.0
2021-06-06 06:17:00,64.0
2021-06-06 06:32:00,62.0
2021-06-06 06:47:00,62.0
2021-06-06 07:02:00,64.0
2021-06-06 07:17:00,63.0
2021-06-06 07:32:00,66.0
2021-06-06 07:44:00,
2021-06-06 07:44:00,
2021-06-06 07:47:00,66.0
2021-06-06 08:02:00,66.0
2021-06-06 08:17:00,66.0
2021-06-06 08:32:00,66.0
2021-06-06 08:47:00,64.0
2021-06-06 09:02:00,64.0
2021-06-06 09:17:00,65.0
2021-06-06 09:32:00,64.0
2021-06-06 09:47:00,61.0
2021-06-06 10:02:00,60.0
2021-06-06 10:17:00,62.0
2021-06-06 10:32:00,62.0
2021-06-06 10:47:00,61.0
2021-06-06 11:02:00,61.0
2021-06-06 11:17:00,60.0
2021-06-06 11:32:00,57.0
2021-06-06 11:47:00,56.0
2021-06-06 12:02:00,56.0
2021-06-06 12:17:00,56.0
2021-06-06 12:32:00,58.0
2021-06-06 12:39:00,
2021-06-06 12:39:00,
2021-06-06 12:47:00,68.0
2021-06-06 13:02:00,73.0
2021-06-06 13:17:00,75.0
2021-06-06 13:32:00,72.0
2021-06-06 13:47:00,67.0
2021-06-06 14:02:00,65.0
2021-06-06 14:17:00,69.0
2021-06-06 14:32:00,71.0
2021-06-06 14:47:00,68.0
2021-06-06 15:02:00,66.0
2021-06-06 15:17:00,64.0
2021-06-06 15:32:00,62.0
2021-06-06 15:47:00,62.0
2021-06-06 16:02:00,63.0
2021-06-06 16:17:00,62.0
2021-06-06 16:22:00,
2021-06-06 16:22:00,
2021-06-06 16:32:00,62.0
2021-06-06 16:47:00,69.0
2021-06-06 17:02:00,75.0
2021-06-06 17:17:00,77.0
2021-06-06 17:32:00,77.0
2021-06-06 17:48:00,78.0
2021-06-06 17:49:00,
2021-06-06 18:03:00,75.0
2021-06-06 18:04:00,
2021-06-06 18:18:00,69.0
2021-06-06 18:33:00,67.0
2021-06-06 18:48:00,71.0
2021-06-06 19:03:00,75.0
2021-06-06 19:18:00,77.0
2021-06-06 19:33:00,80.0
2021-06-06 19:48:00,80.0
2021-06-06 19:52:00,
2021-06-06 20:03:00,77.0
2021-06-06 20:18:00,74.0
2021-06-06 20:33:00,70.0
2021-06-06 20:48:00,70.0
2021-06-06 21:03:00,69.0
2021-06-06 21:09:00,
2021-06-06 21:18:00,69.0
2021-06-06 21:33:00,68.0
2021-06-06 21:48:00,68.0
2021-06-06 22:03:00,69.0
2021-06-06 22:18:00,67.0
2021-06-06 22:22:00,
2021-06-06 22:22:00,
2021-06-06 22:33:00,66.0
2021-06-06 22:48:00,66.0
2021-06-06 23:03:00,66.0
2021-06-06 23:18:00,66.0
2021-06-06 23:33:00,65.0
2021-06-06 23:48:00,64.0
2021-06-07 00:03:00,62.0
2021-06-07 00:18:00,63.0
2021-06-07 00:33:00,64.0
2021-06-07 00:48:00,62.0
2021-06-07 01:03:00,62.0
2021-06-07 01:18:00,63.0
2021-06-07 01:33:00,63.0
2021-06-07 01:48:00,63.0
2021-06-07 02:03:00,63.0
2021-06-07 02:18:00,64.0
2021-06-07 02:33:00,64.0
2021-06-07 02:48:00,64.0
2021-06-07 03:03:00,63.0
2021-06-07 03:18:00,62.0
2021-06-07 03:33:00,63.0
2021-06-07 03:48:00,63.0
2021-06-07 04:03:00,62.0
2021-06-07 04:18:00,62.0
2021-06-07 04:33:00,62.0
2021-06-07 04:48:00,60.0
2021-06-07 05:03:00,57.0
2021-06-07 05:18:00,58.0
2021-06-07 05:33:00,62.0
2021-06-07 05:49:00,64.0
2021-06-07 06:01:00,
2021-06-07 06:01:00,
2021-06-07 06:04:00,66.0
2021-06-07 06:19:00,66.0
2021-06-07 06:34:00,63.0
2021-06-07 06:49:00,62.0
2021-06-07 07:04:00,62.0
2021-06-07 07:19:00,62.0
2021-06-07 07:34:00,63.0
2021-06-07 07:49:00,65.0
2021-06-07 08:04:00,66.0
2021-06-07 08:19:00,67.0
2021-06-07 08:34:00,70.0
2021-06-07 08:49:00,73.0
2021-06-07 09:04:00,73.0
2021-06-07 09:20:00,70.0
2021-06-07 09:29:00,
2021-06-07 09:35:00,69.0
2021-06-07 09:50:00,69.0
2021-06-07 10:05:00,68.0
2021-06-07 10:20:00,69.0
2021-06-07 10:35:00,71.0
2021-06-07 10:50:00,72.0
2021-06-07 11:05:00,72.0
2021-06-07 11:20:00,78.0
2021-06-07 11:35:00,88.0
2021-06-07 11:42:00,
2021-06-07 11:50:00,86.0
2021-06-07 12:05:00,84.0
2021-06-07 12:20:00,86.0
2021-06-07 12:35:00,85.0
2021-06-07 12:49:00,72.0
2021-06-07 12:58:00,
2021-06-07 12:58:00,
2021-06-07 13:04:00,67.0
2021-06-07 13:19:00,71.0
2021-06-07 13:34:00,72.0
2021-06-07 13:49:00,71.0
2021-06-07 14:04:00,71.0
2021-06-07 14:19:00,71.0
2021-06-07 14:34:00,71.0
2021-06-07 14:49:00,68.0
2021-06-07 15:05:00,67.0
2021-06-07 15:16:00,
2021-06-07 15:20:00,66.0
2021-06-07 15:35:00,63.0
2021-06-07 15:50:00,59.0
2021-06-07 16:05:00,60.0
2021-06-07 16:20:00,67.0
2021-06-07 16:35:00,70.0
2021-06-07 16:50:00,68.0
2021-06-07 17:05:00,67.0
2021-06-07 17:20:00,67.0
2021-06-07 17:35:00,65.0
2021-06-07 17:50:00,64.0
2021-06-07 18:05:00,62.0
2021-06-07 18:20:00,63.0
2021-06-07 18:35:00,68.0
2021-06-07 18:50:00,71.0
2021-06-07 19:05:00,67.0
2021-06-07 19:20:00,67.0
2021-06-07 19:35:00,69.0
2021-06-07 19:50:00,70.0
2021-06-07 20:05:00,68.0
2021-06-07 20:20:00,66.0
2021-06-07 20:35:00,66.0
2021-06-07 20:50:00,65.0
2021-06-07 21:05:00,64.0
2021-06-07 21:20:00,63.0
2021-06-07 21:35:00,63.0
2021-06-07 21:40:00,
2021-06-07 21:40:00,
2021-06-07 21:50:00,63.0
2021-06-07 22:05:00,63.0
2021-06-07 22:20:00,62.0
2021-06-07 22:35:00,61.0
2021-06-07 22:50:00,62.0
2021-06-07 23:05:00,63.0
2021-06-07 23:22:00,
2021-06-07 23:22:00,
2021-06-08 00:21:00,60.0
2021-06-08 00:36:00,58.0
2021-06-08 00:51:00,61.0
2021-06-08 01:06:00,61.0
2021-06-08 01:21:00,60.0
2021-06-08 01:36:00,59.0
2021-06-08 01:51:00,60.0
2021-06-08 02:06:00,60.0
2021-06-08 02:21:00,59.0
2021-06-08 02:36:00,60.0
2021-06-08 02:51:00,61.0
2021-06-08 03:06:00,62.0
2021-06-08 03:21:00,62.0
2021-06-08 03:36:00,61.0
2021-06-08 03:51:00,59.0
2021-06-08 04:06:00,59.0
2021-06-08 04:21:00,60.0
2021-06-08 04:36:00,62.0
2021-06-08 04:51:00,61.0
2021-06-08 05:06:00,61.0
2021-06-08 05:21:00,60.0
2021-06-08 05:36:00,63.0
2021-06-08 05:51:00,65.0
2021-06-08 06:06:00,61.0
2021-06-08 06:21:00,59.0
2021-06-08 06:36:00,63.0
2021-06-08 06:51:00,61.0
2021-06-08 07:06:00,58.0
2021-06-08 07:21:00,57.0
2021-06-08 07:36:00,59.0
2021-06-08 07:51:00,60.0
2021-06-08 08:07:00,62.0
2021-06-08 08:20:00,
2021-06-08 08:20:00,
2021-06-08 08:22:00,62.0
2021-06-08 08:37:00,61.0
2021-06-08 08:52:00,62.0
2021-06-08 09:07:00,63.0
2021-06-08 09:22:00,63.0
2021-06-08 09:37:00,64.0
2021-06-08 09:52:00,65.0
2021-06-08 10:07:00,66.0
2021-06-08 10:22:00,67.0
2021-06-08 10:37:00,67.0
2021-06-08 10:52:00,67.0
2021-06-08 11:07:00,66.0
2021-06-08 11:22:00,66.0
2021-06-08 11:37:00,70.0
2021-06-08 11:52:00,78.0
2021-06-08 12:07:00,76.0
2021-06-08 12:22:00,70.0
2021-06-08 12:37:00,69.0
2021-06-08 12:42:00,
2021-06-08 12:52:00,75.0
2021-06-08 12:57:00,
2021-06-08 13:07:00,78.0
2021-06-08 13:22:00,84.0
2021-06-08 13:37:00,82.0
2021-06-08 13:52:00,72.0
2021-06-08 14:07:00,62.0
2021-06-08 14:18:00,
2021-06-08 14:18:00,
2021-06-08 14:22:00,64.0
2021-06-08 14:37:00,69.0
2021-06-08 14:52:00,67.0
2021-06-08 15:07:00,62.0
2021-06-08 15:22:00,64.0
2021-06-08 15:37:00,70.0
2021-06-08 15:52:00,69.0
2021-06-08 16:07:00,68.0
2021-06-08 16:22:00,68.0
2021-06-08 16:37:00,68.0
2021-06-08 16:52:00,67.0
2021-06-08 17:07:00,65.0
2021-06-08 17:22:00,62.0
2021-06-08 17:37:00,61.0
2021-06-08 17:52:00,64.0
2021-06-08 18:07:00,68.0
2021-06-08 18:22:00,68.0
2021-06-08 18:37:00,67.0
2021-06-08 18:52:00,65.0
2021-06-08 19:07:00,62.0
2021-06-08 19:22:00,64.0
2021-06-08 19:37:00,71.0
2021-06-08 19:52:00,72.0
2021-06-08 20:07:00,72.0
2021-06-08 20:22:00,76.0
2021-06-08 20:37:00,77.0
2021-06-08 20:52:00,74.0
2021-06-08 21:07:00,71.0
2021-06-08 21:22:00,70.0
2021-06-08 21:38:00,
2021-06-08 21:38:00,64.0
2021-06-08 21:38:00,
2021-06-08 21:53:00,60.0
2021-06-08 22:08:00,57.0
2021-06-08 22:23:00,57.0
2021-06-08 22:38:00,61.0
2021-06-08 22:53:00,61.0
2021-06-08 23:08:00,58.0
2021-06-08 23:23:00,57.0
2021-06-08 23:38:00,58.0
2021-06-08 23:53:00,58.0
2021-06-09 00:21:00,
2021-06-09 00:21:00,
2021-06-09 02:38:00,56.0
2021-06-09 02:53:00,59.0
2021-06-09 03:08:00,61.0
2021-06-09 03:23:00,61.0
2021-06-09 03:38:00,61.0
2021-06-09 03:53:00,59.0
2021-06-09 04:08:00,64.0
2021-06-09 04:23:00,67.0
2021-06-09 04:38:00,65.0
2021-06-09 04:53:00,64.0
2021-06-09 05:08:00,62.0
2021-06-09 05:23:00,61.0
2021-06-09 05:38:00,61.0
2021-06-09 05:53:00,66.0
2021-06-09 06:08:00,69.0
2021-06-09 06:23:00,60.0
2021-06-09 06:38:00,57.0
2021-06-09 06:53:00,60.0
2021-06-09 07:08:00,64.0
2021-06-09 07:23:00,65.0
2021-06-09 07:38:00,62.0
2021-06-09 07:53:00,60.0
2021-06-09 08:08:00,63.0
2021-06-09 08:23:00,66.0
2021-06-09 08:38:00,66.0
2021-06-09 08:53:00,66.0
2021-06-09 09:08:00,66.0
2021-06-09 09:23:00,64.0
2021-06-09 09:38:00,64.0
2021-06-09 09:53:00,66.0
2021-06-09 10:08:00,69.0
2021-06-09 10:25:00,68.0
2021-06-09 10:36:00,
2021-06-09 10:36:00,
2021-06-09 10:40:00,68.0
2021-06-09 10:55:00,68.0
2021-06-09 11:10:00,67.0
2021-06-09 11:25:00,69.0
2021-06-09 11:40:00,72.0
2021-06-09 11:55:00,73.0
2021-06-09 12:10:00,73.0
2021-06-09 12:25:00,72.0
2021-06-09 12:40:00,69.0
2021-06-09 12:55:00,69.0
2021-06-09 13:10:00,70.0
2021-06-09 13:25:00,68.0
2021-06-09 13:40:00,66.0
2021-06-09 13:55:00,65.0
2021-06-09 14:10:00,65.0
2021-06-09 14:25:00,65.0
2021-06-09 14:40:00,65.0
2021-06-09 14:49:00,
2021-06-09 14:49:00,
2021-06-09 14:55:00,70.0
2021-06-09 15:10:00,74.0
2021-06-09 15:25:00,81.0
2021-06-09 15:40:00,86.0
2021-06-09 15:55:00,80.0
2021-06-09 16:10:00,75.0
2021-06-09 16:25:00,72.0
2021-06-09 16:40:00,66.0
2021-06-09 16:55:00,67.0
2021-06-09 17:10:00,69.0
2021-06-09 17:25:00,69.0
2021-06-09 17:40:00,68.0
2021-06-09 17:55:00,69.0
2021-06-09 18:10:00,69.0
2021-06-09 18:25:00,67.0
2021-06-09 18:40:00,66.0
2021-06-09 18:55:00,71.0
2021-06-09 19:10:00,78.0
2021-06-09 19:25:00,75.0
2021-06-09 19:40:00,69.0
2021-06-09 19:55:00,73.0
2021-06-09 19:59:00,
2021-06-09 19:59:00,
2021-06-09 20:10:00,78.0
2021-06-09 20:25:00,77.0
2021-06-09 20:40:00,75.0
2021-06-09 20:55:00,74.0
2021-06-09 21:10:00,71.0
2021-06-09 21:25:00,68.0
2021-06-09 21:48:00,
2021-06-10 02:26:00,71.0
2021-06-10 02:41:00,70.0
2021-06-10 02:56:00,71.0
2021-06-10 03:11:00,69.0
2021-06-10 03:26:00,61.0
2021-06-10 03:41:00,61.0
2021-06-10 03:56:00,66.0
2021-06-10 04:11:00,66.0
2021-06-10 04:26:00,63.0
2021-06-10 04:41:00,65.0
2021-06-10 04:56:00,65.0
2021-06-10 05:11:00,62.0
2021-06-10 05:26:00,64.0
2021-06-10 05:41:00,65.0
2021-06-10 05:56:00,64.0
2021-06-10 06:11:00,63.0
2021-06-10 06:26:00,64.0
2021-06-10 06:41:00,68.0
2021-06-10 06:56:00,72.0
2021-06-10 07:11:00,66.0
2021-06-10 07:26:00,63.0
2021-06-10 07:41:00,60.0
2021-06-10 07:56:00,59.0
2021-06-10 08:11:00,62.0
2021-06-10 08:26:00,67.0
2021-06-10 08:41:00,69.0
2021-06-10 08:56:00,69.0
2021-06-10 09:11:00,69.0
2021-06-10 09:26:00,69.0
2021-06-10 09:41:00,72.0
2021-06-10 09:56:00,74.0
2021-06-10 10:11:00,75.0
2021-06-10 10:17:00,
2021-06-10 10:26:00,73.0
2021-06-10 10:41:00,70.0
2021-06-10 10:56:00,69.0
2021-06-10 11:11:00,69.0
2021-06-10 11:13:00,
2021-06-10 11:26:00,72.0
2021-06-10 11:41:00,75.0
2021-06-10 11:56:00,75.0
2021-06-10 12:11:00,76.0
2021-06-10 12:26:00,76.0
2021-06-10 12:41:00,74.0
2021-06-10 12:56:00,74.0
2021-06-10 13:11:00,72.0
2021-06-10 13:26:00,70.0
2021-06-10 13:41:00,69.0
2021-06-10 13:56:00,70.0
2021-06-10 14:11:00,75.0
2021-06-10 14:26:00,77.0
2021-06-10 14:41:00,80.0
2021-06-10 14:57:00,81.0
2021-06-10 14:58:00,
2021-06-10 15:12:00,72.0
2021-06-10 15:27:00,69.0
2021-06-10 15:42:00,73.0
2021-06-10 15:57:00,68.0
2021-06-10 16:12:00,65.0
2021-06-10 16:27:00,72.0
2021-06-10 16:42:00,76.0
2021-06-10 16:57:00,78.0
2021-06-10 17:12:00,78.0
2021-06-10 17:27:00,77.0
2021-06-10 17:42:00,73.0
2021-06-10 17:57:00,72.0
2021-06-10 18:12:00,72.0
2021-06-10 18:27:00,71.0
2021-06-10 18:42:00,68.0
2021-06-10 18:57:00,70.0
2021-06-10 19:12:00,81.0
2021-06-10 19:27:00,86.0
2021-06-10 19:42:00,79.0
2021-06-10 19:57:00,75.0
2021-06-10 20:12:00,76.0
2021-06-10 20:27:00,76.0
2021-06-10 20:42:00,76.0
2021-06-10 20:57:00,76.0
2021-06-10 21:12:00,73.0
2021-06-10 21:18:00,
2021-06-10 21:27:00,71.0
2021-06-10 21:42:00,72.0
2021-06-10 21:57:00,70.0
2021-06-10 22:12:00,69.0
2021-06-10 22:27:00,67.0
2021-06-10 22:42:00,65.0
2021-06-10 22:57:00,67.0
2021-06-10 23:12:00,66.0
2021-06-10 23:27:00,64.0
2021-06-10 23:42:00,64.0
2021-06-10 23:58:00,67.0
2021-06-11 00:03:00,
2021-06-11 00:13:00,63.0
2021-06-11 00:28:00,65.0
2021-06-11 00:43:00,65.0
2021-06-11 00:58:00,65.0
2021-06-11 01:13:00,64.0
2021-06-11 01:28:00,61.0
2021-06-11 01:43:00,59.0
2021-06-11 01:58:00,59.0
2021-06-11 02:13:00,60.0
2021-06-11 02:28:00,60.0
2021-06-11 02:43:00,62.0
2021-06-11 02:58:00,63.0
2021-06-11 03:13:00,62.0
2021-06-11 03:28:00,60.0
2021-06-11 03:43:00,60.0
2021-06-11 03:58:00,59.0
2021-06-11 04:13:00,58.0
2021-06-11 04:28:00,58.0
2021-06-11 04:43:00,55.0
2021-06-11 04:58:00,52.0
2021-06-11 05:13:00,54.0
2021-06-11 05:28:00,58.0
2021-06-11 05:43:00,57.0
2021-06-11 05:58:00,52.0
2021-06-11 06:13:00,53.0
2021-06-11 06:28:00,59.0
2021-06-11 06:43:00,60.0
2021-06-11 06:58:00,58.0
2021-06-11 07:13:00,61.0
2021-06-11 07:28:00,65.0
2021-06-11 07:43:00,65.0
2021-06-11 07:52:00,
2021-06-11 07:52:00,
2021-06-11 07:58:00,62.0
2021-06-11 08:13:00,62.0
2021-06-11 08:28:00,62.0
2021-06-11 08:43:00,61.0
2021-06-11 08:58:00,63.0
2021-06-11 09:13:00,66.0
2021-06-11 09:28:00,67.0
2021-06-11 09:43:00,68.0
2021-06-11 09:58:00,71.0
2021-06-11 10:13:00,74.0
2021-06-11 10:28:00,76.0
2021-06-11 10:44:00,78.0
2021-06-11 10:49:00,
2021-06-11 10:59:00,77.0
2021-06-11 11:14:00,72.0
2021-06-11 11:29:00,68.0
2021-06-11 11:44:00,72.0
2021-06-11 11:59:00,74.0
2021-06-11 12:14:00,70.0
2021-06-11 12:19:00,
2021-06-11 12:19:00,
2021-06-11 12:29:00,67.0
2021-06-11 12:44:00,66.0
2021-06-11 12:59:00,66.0
2021-06-11 13:14:00,64.0
2021-06-11 13:29:00,64.0
2021-06-11 13:44:00,71.0
2021-06-11 13:59:00,80.0
2021-06-11 14:14:00,74.0
2021-06-11 14:19:00,
2021-06-11 14:29:00,69.0
2021-06-11 14:44:00,69.0
2021-06-11 14:59:00,64.0
2021-06-11 15:14:00,60.0
2021-06-11 15:29:00,59.0
2021-06-11 15:44:00,62.0
2021-06-11 15:59:00,68.0
2021-06-11 16:14:00,71.0
2021-06-11 16:29:00,73.0
2021-06-11 16:40:00,
2021-06-11 16:44:00,71.0
2021-06-11 16:59:00,71.0
2021-06-11 17:14:00,74.0
2021-06-11 17:29:00,74.0
2021-06-11 17:44:00,70.0
2021-06-11 18:10:00,
2021-06-11 18:10:00,
2021-06-12 00:16:00,75.0
2021-06-12 00:31:00,73.0
2021-06-12 00:46:00,72.0
2021-06-12 01:01:00,68.0
2021-06-12 01:16:00,64.0
2021-06-12 01:31:00,67.0
2021-06-12 01:46:00,68.0
2021-06-12 02:01:00,62.0
2021-06-12 02:16:00,62.0
2021-06-12 02:31:00,66.0
2021-06-12 02:46:00,71.0
2021-06-12 03:01:00,70.0
2021-06-12 03:16:00,67.0
2021-06-12 03:31:00,65.0
2021-06-12 03:46:00,65.0
2021-06-12 04:01:00,62.0
2021-06-12 04:16:00,59.0
2021-06-12 04:31:00,58.0
2021-06-12 04:46:00,65.0
2021-06-12 05:01:00,66.0
2021-06-12 05:16:00,66.0
2021-06-12 05:31:00,65.0
2021-06-12 05:46:00,64.0
2021-06-12 06:01:00,64.0
2021-06-12 06:16:00,62.0
2021-06-12 06:31:00,63.0
2021-06-12 06:46:00,65.0
2021-06-12 07:01:00,66.0
2021-06-12 07:16:00,64.0
2021-06-12 07:31:00,62.0
2021-06-12 07:46:00,65.0
2021-06-12 08:01:00,68.0
2021-06-12 08:09:00,
2021-06-12 08:09:00,
2021-06-12 08:16:00,63.0
2021-06-12 08:31:00,61.0
2021-06-12 08:46:00,65.0
2021-06-12 09:01:00,68.0
2021-06-12 09:16:00,67.0
2021-06-12 09:31:00,67.0
2021-06-12 09:46:00,67.0
2021-06-12 10:01:00,70.0
2021-06-12 10:16:00,74.0
2021-06-12 10:18:00,
2021-06-12 10:31:00,71.0
2021-06-12 10:46:00,72.0
2021-06-12 11:01:00,73.0
2021-06-12 11:16:00,71.0
2021-06-12 11:31:00,69.0
2021-06-12 11:46:00,68.0
2021-06-12 12:01:00,68.0
2021-06-12 12:16:00,67.0
2021-06-12 12:31:00,68.0
2021-06-12 12:46:00,67.0
2021-06-12 12:48:00,
2021-06-12 12:48:00,
2021-06-12 13:01:00,65.0
2021-06-12 13:13:00,
2021-06-12 13:13:00,
2021-06-12 13:16:00,70.0
2021-06-12 13:31:00,79.0
2021-06-12 13:44:00,
2021-06-12 13:46:00,86.0
2021-06-12 14:01:00,90.0
2021-06-12 14:17:00,85.0
2021-06-12 14:19:00,
2021-06-12 14:32:00,80.0
2021-06-12 14:47:00,81.0
2021-06-12 15:02:00,82.0
2021-06-12 15:17:00,76.0
2021-06-12 15:32:00,73.0
2021-06-12 15:47:00,74.0
2021-06-12 16:01:00,74.0
2021-06-12 16:11:00,
2021-06-12 16:16:00,72.0
2021-06-12 16:31:00,72.0
2021-06-12 16:46:00,75.0
2021-06-12 17:01:00,74.0
2021-06-12 17:16:00,74.0
2021-06-12 17:31:00,73.0
2021-06-12 17:46:00,72.0
2021-06-12 18:01:00,72.0
2021-06-12 18:16:00,72.0
2021-06-12 18:31:00,70.0
2021-06-12 18:46:00,68.0
2021-06-12 19:01:00,74.0
2021-06-12 19:16:00,89.0
2021-06-12 19:31:00,107.0
2021-06-12 19:47:00,130.0
2021-06-12 19:53:00,
2021-06-12 20:02:00,137.0
2021-06-12 20:17:00,130.0
2021-06-12 20:32:00,116.0
2021-06-12 20:47:00,109.0
2021-06-12 21:02:00,113.0
2021-06-12 21:09:00,
2021-06-12 21:17:00,115.0
2021-06-12 21:32:00,112.0
2021-06-12 21:47:00,102.0
2021-06-12 22:02:00,94.0
2021-06-12 22:15:00,
2021-06-12 22:17:00,91.0
2021-06-12 22:32:00,96.0
2021-06-12 22:47:00,106.0
2021-06-12 23:02:00,110.0
2021-06-12 23:19:00,
2021-06-13 00:48:00,77.0
2021-06-13 01:03:00,78.0
2021-06-13 01:18:00,78.0
2021-06-13 01:33:00,74.0
2021-06-13 01:48:00,69.0
2021-06-13 02:03:00,69.0
2021-06-13 02:18:00,73.0
2021-06-13 02:33:00,74.0
2021-06-13 02:48:00,74.0
2021-06-13 03:03:00,70.0
2021-06-13 03:18:00,65.0
2021-06-13 03:33:00,64.0
2021-06-13 03:48:00,67.0
2021-06-13 04:03:00,71.0
2021-06-13 04:18:00,71.0
2021-06-13 04:33:00,70.0
2021-06-13 04:48:00,70.0
2021-06-13 05:03:00,69.0
2021-06-13 05:18:00,68.0
2021-06-13 05:33:00,66.0
2021-06-13 05:48:00,69.0
2021-06-13 06:03:00,73.0
2021-06-13 06:18:00,72.0
2021-06-13 06:33:00,70.0
2021-06-13 06:48:00,65.0
2021-06-13 07:03:00,63.0
2021-06-13 07:18:00,66.0
2021-06-13 07:33:00,71.0
2021-06-13 07:48:00,68.0
2021-06-13 08:03:00,69.0
2021-06-13 08:18:00,72.0
2021-06-13 08:33:00,73.0
2021-06-13 08:37:00,
2021-06-13 08:37:00,
2021-06-13 08:48:00,75.0
2021-06-13 09:03:00,73.0
2021-06-13 09:18:00,71.0
2021-06-13 09:33:00,72.0
2021-06-13 09:48:00,72.0
2021-06-13 10:03:00,71.0
2021-06-13 10:18:00,69.0
2021-06-13 10:33:00,68.0
2021-06-13 10:48:00,67.0
2021-06-13 11:03:00,68.0
2021-06-13 11:18:00,70.0
2021-06-13 11:33:00,71.0
2021-06-13 11:48:00,73.0
2021-06-13 12:03:00,75.0
2021-06-13 12:18:00,77.0
2021-06-13 12:33:00,78.0
2021-06-13 12:38:00,
2021-06-13 12:48:00,81.0
2021-06-13 13:03:00,89.0
2021-06-13 13:18:00,90.0
2021-06-13 13:33:00,81.0
2021-06-13 13:48:00,72.0
2021-06-13 14:03:00,71.0
2021-06-13 14:18:00,71.0
2021-06-13 14:33:00,68.0
2021-06-13 14:58:00,
2021-06-14 19:34:00,
2021-06-14 20:35:00,
2021-06-14 20:35:00,
2021-06-14 20:36:00,83.0
2021-06-14 20:39:00,
2021-06-14 20:48:00,
2021-06-14 20:52:00,114.0
2021-06-14 20:54:00,
2021-06-14 21:07:00,103.0
2021-06-14 21:22:00,86.0
2021-06-14 21:37:00,82.0
2021-06-14 21:52:00,79.0
2021-06-14 22:06:00,73.0
2021-06-14 22:13:00,
2021-06-14 22:13:00,
2021-06-14 22:14:00,
2021-06-14 22:14:00,
2021-06-14 22:22:00,76.0
2021-06-14 22:33:00,
2021-06-14 22:43:00,
2021-06-15 01:41:00,95.0
2021-06-15 01:56:00,93.0
2021-06-15 02:11:00,89.0
2021-06-15 02:26:00,85.0
2021-06-15 02:41:00,82.0
2021-06-15 02:56:00,80.0
2021-06-15 03:11:00,80.0
2021-06-15 03:26:00,83.0
2021-06-15 03:41:00,83.0
2021-06-15 03:56:00,76.0
2021-06-15 04:11:00,61.0
2021-06-15 04:26:00,59.0
2021-06-15 04:41:00,74.0
2021-06-15 04:56:00,84.0
2021-06-15 05:11:00,77.0
2021-06-15 05:26:00,72.0
2021-06-15 05:41:00,71.0
2021-06-15 05:56:00,72.0
2021-06-15 06:11:00,70.0
2021-06-15 06:26:00,70.0
2021-06-15 06:41:00,74.0
2021-06-15 06:56:00,76.0
2021-06-15 07:11:00,76.0
2021-06-15 07:26:00,77.0
2021-06-15 07:41:00,74.0
2021-06-15 07:56:00,63.0
2021-06-15 08:11:00,59.0
2021-06-15 08:26:00,72.0
2021-06-15 08:41:00,83.0
2021-06-15 08:56:00,77.0
2021-06-15 09:11:00,79.0
2021-06-15 09:26:00,78.0
2021-06-15 09:41:00,
2021-06-15 09:41:00,77.0
2021-06-15 09:56:00,80.0
2021-06-15 10:11:00,81.0
2021-06-15 10:26:00,81.0
2021-06-15 10:41:00,86.0
2021-06-15 10:56:00,86.0
2021-06-15 11:11:00,79.0
2021-06-15 11:13:00,
2021-06-15 11:26:00,81.0
2021-06-15 11:41:00,83.0
2021-06-15 11:56:00,82.0
2021-06-15 12:11:00,82.0
2021-06-15 12:26:00,86.0
2021-06-15 12:41:00,100.0
2021-06-15 12:49:00,
2021-06-15 12:57:00,112.0
2021-06-15 13:00:00,
2021-06-15 13:12:00,105.0
2021-06-15 13:27:00,90.0
2021-06-15 13:42:00,78.0
2021-06-15 13:57:00,92.0
2021-06-15 13:58:00,
2021-06-15 14:12:00,99.0
2021-06-15 14:27:00,102.0
2021-06-15 14:44:00,90.0
2021-06-15 14:56:00,
2021-06-15 14:59:00,95.0
2021-06-15 15:14:00,118.0
2021-06-15 15:29:00,122.0
2021-06-15 15:44:00,101.0
2021-06-15 15:59:00,84.0
2021-06-15 16:14:00,87.0
2021-06-15 16:29:00,101.0
2021-06-15 16:44:00,110.0
2021-06-15 16:59:00,109.0
2021-06-15 17:14:00,106.0
2021-06-15 17:29:00,105.0
2021-06-15 17:44:00,109.0
2021-06-15 17:59:00,102.0
2021-06-15 18:14:00,93.0
2021-06-15 18:29:00,95.0
2021-06-15 18:44:00,98.0
2021-06-15 18:59:00,94.0
2021-06-15 19:17:00,
2021-06-15 19:17:00,
2021-06-16 00:34:00,83.0
2021-06-16 00:49:00,82.0
2021-06-16 01:04:00,77.0
2021-06-16 01:19:00,76.0
2021-06-16 01:34:00,77.0
2021-06-16 01:49:00,77.0
2021-06-16 02:04:00,75.0
2021-06-16 02:19:00,76.0
2021-06-16 02:34:00,73.0
2021-06-16 02:49:00,71.0
2021-06-16 03:04:00,75.0
2021-06-16 03:19:00,78.0
2021-06-16 03:34:00,79.0
2021-06-16 03:49:00,78.0
2021-06-16 04:04:00,77.0
2021-06-16 04:19:00,79.0
2021-06-16 04:34:00,77.0
2021-06-16 04:49:00,70.0
2021-06-16 05:04:00,64.0
2021-06-16 05:19:00,66.0
2021-06-16 05:34:00,70.0
2021-06-16 05:49:00,68.0
2021-06-16 06:04:00,65.0
2021-06-16 06:19:00,64.0
2021-06-16 06:34:00,61.0
2021-06-16 06:49:00,62.0
2021-06-16 07:04:00,66.0
2021-06-16 07:19:00,67.0
2021-06-16 07:34:00,69.0
2021-06-16 07:49:00,70.0
2021-06-16 08:04:00,70.0
2021-06-16 08:20:00,73.0
2021-06-16 08:29:00,
2021-06-16 08:29:00,
2021-06-16 08:35:00,76.0
2021-06-16 08:50:00,77.0
2021-06-16 09:05:00,76.0
2021-06-16 09:20:00,76.0
2021-06-16 09:35:00,77.0
2021-06-16 09:50:00,75.0
2021-06-16 10:05:00,71.0
2021-06-16 10:20:00,68.0
2021-06-16 10:35:00,66.0
2021-06-16 10:50:00,67.0
2021-06-16 11:05:00,69.0
2021-06-16 11:20:00,67.0
2021-06-16 11:35:00,69.0
2021-06-16 11:50:00,72.0
2021-06-16 12:05:00,73.0
2021-06-16 12:20:00,72.0
2021-06-16 12:35:00,74.0
2021-06-16 12:50:00,77.0
2021-06-16 13:05:00,79.0
2021-06-16 13:20:00,79.0
2021-06-16 13:35:00,78.0
2021-06-16 13:50:00,76.0
2021-06-16 14:05:00,81.0
2021-06-16 14:20:00,86.0
2021-06-16 14:35:00,86.0
2021-06-16 14:51:00,82.0
2021-06-16 14:53:00,
2021-06-16 15:06:00,79.0
2021-06-16 15:21:00,82.0
2021-06-16 15:36:00,81.0
2021-06-16 15:51:00,79.0
2021-06-16 16:06:00,79.0
2021-06-16 16:21:00,77.0
2021-06-16 16:36:00,73.0
2021-06-16 16:51:00,68.0
2021-06-16 17:06:00,61.0
2021-06-16 17:14:00,
2021-06-16 17:14:00,
2021-06-16 17:22:00,73.0
2021-06-16 17:22:00,
2021-06-16 17:37:00,73.0
2021-06-16 17:52:00,73.0
2021-06-16 18:07:00,75.0
2021-06-16 18:22:00,68.0
2021-06-16 18:22:00,
2021-06-16 18:22:00,
2021-06-16 18:37:00,69.0
2021-06-16 18:52:00,76.0
2021-06-16 19:07:00,80.0
2021-06-16 19:23:00,79.0
2021-06-16 19:33:00,
2021-06-16 19:38:00,77.0
2021-06-16 19:53:00,80.0
2021-06-16 20:08:00,82.0
2021-06-16 20:23:00,80.0
2021-06-16 20:38:00,81.0
2021-06-16 20:41:00,
2021-06-16 20:53:00,78.0
2021-06-16 21:08:00,73.0
2021-06-16 21:23:00,75.0
2021-06-16 21:38:00,77.0
2021-06-16 21:53:00,76.0
2021-06-16 22:08:00,77.0
2021-06-16 22:25:00,77.0
2021-06-16 22:25:00,
2021-06-16 22:40:00,75.0
2021-06-16 22:55:00,75.0
2021-06-16 23:10:00,78.0
2021-06-16 23:25:00,81.0
2021-06-16 23:40:00,82.0
2021-06-16 23:55:00,83.0
2021-06-17 00:10:00,80.0
2021-06-17 00:25:00,78.0
2021-06-17 00:40:00,79.0
2021-06-17 00:55:00,82.0
2021-06-17 01:10:00,83.0
2021-06-17 01:25:00,78.0
2021-06-17 01:40:00,75.0
2021-06-17 01:55:00,76.0
2021-06-17 02:10:00,74.0
2021-06-17 02:25:00,72.0
2021-06-17 02:40:00,73.0
2021-06-17 02:55:00,73.0
2021-06-17 03:10:00,71.0
2021-06-17 03:25:00,71.0
2021-06-17 03:40:00,70.0
2021-06-17 03:55:00,72.0
2021-06-17 04:10:00,74.0
2021-06-17 04:25:00,71.0
2021-06-17 04:40:00,68.0
2021-06-17 04:55:00,68.0
2021-06-17 05:10:00,69.0
2021-06-17 05:26:00,72.0
2021-06-17 05:30:00,
2021-06-17 05:41:00,70.0
2021-06-17 05:56:00,68.0
2021-06-17 06:11:00,68.0
2021-06-17 06:26:00,65.0
2021-06-17 06:41:00,62.0
2021-06-17 06:56:00,66.0
2021-06-17 07:11:00,72.0
2021-06-17 07:26:00,75.0
2021-06-17 07:42:00,75.0
2021-06-17 07:49:00,
2021-06-17 07:57:00,77.0
2021-06-17 08:12:00,84.0
2021-06-17 08:27:00,85.0
2021-06-17 08:42:00,80.0
2021-06-17 08:57:00,77.0
2021-06-17 09:12:00,77.0
2021-06-17 09:27:00,79.0
2021-06-17 09:42:00,82.0
2021-06-17 09:57:00,83.0
2021-06-17 10:12:00,82.0
2021-06-17 10:27:00,76.0
2021-06-17 10:42:00,73.0
2021-06-17 10:57:00,73.0
2021-06-17 11:12:00,72.0
2021-06-17 11:27:00,71.0
2021-06-17 11:43:00,71.0
2021-06-17 11:48:00,
2021-06-17 11:48:00,
2021-06-17 11:58:00,76.0
2021-06-17 12:13:00,89.0
2021-06-17 12:28:00,107.0
2021-06-17 12:28:00,
2021-06-17 12:43:00,100.0
2021-06-17 12:48:00,
2021-06-17 12:58:00,88.0
2021-06-17 13:13:00,83.0
2021-06-17 13:28:00,83.0
2021-06-17 13:43:00,82.0
2021-06-17 13:59:00,84.0
2021-06-17 14:09:00,
2021-06-17 14:14:00,84.0
2021-06-17 14:29:00,82.0
2021-06-17 14:44:00,80.0
2021-06-17 14:59:00,82.0
2021-06-17 15:14:00,81.0
2021-06-17 15:29:00,76.0
2021-06-17 15:44:00,76.0
2021-06-17 16:01:00,79.0
2021-06-17 16:11:00,
2021-06-17 16:16:00,77.0
2021-06-17 16:31:00,76.0
2021-06-17 16:46:00,81.0
2021-06-17 17:01:00,82.0
2021-06-17 17:16:00,82.0
2021-06-17 17:31:00,108.0
2021-06-17 17:46:00,148.0
2021-06-17 18:01:00,183.0
2021-06-17 18:16:00,214.0
2021-06-17 18:31:00,223.0
2021-06-17 18:46:00,203.0
2021-06-17 19:01:00,176.0
2021-06-17 19:16:00,153.0
2021-06-17 19:31:00,148.0
2021-06-17 19:33:00,
2021-06-17 19:46:00,133.0
2021-06-17 20:01:00,107.0
2021-06-17 20:16:00,87.0
2021-06-17 20:31:00,84.0
2021-06-17 20:46:00,78.0
2021-06-17 21:01:00,75.0
2021-06-17 21:16:00,77.0
2021-06-17 21:31:00,75.0
2021-06-17 21:46:00,75.0
2021-06-17 22:09:00,
2021-06-18 00:34:00,80.0
2021-06-18 00:49:00,78.0
2021-06-18 01:04:00,80.0
2021-06-18 01:19:00,83.0
2021-06-18 01:34:00,83.0
2021-06-18 01:49:00,80.0
2021-06-18 02:04:00,78.0
2021-06-18 02:19:00,77.0
2021-06-18 02:34:00,78.0
2021-06-18 02:49:00,78.0
2021-06-18 03:04:00,77.0
2021-06-18 03:19:00,80.0
2021-06-18 03:34:00,80.0
2021-06-18 03:49:00,79.0
2021-06-18 04:04:00,79.0
2021-06-18 04:19:00,78.0
2021-06-18 04:34:00,75.0
2021-06-18 04:49:00,77.0
2021-06-18 05:04:00,77.0
2021-06-18 05:19:00,77.0
2021-06-18 05:34:00,77.0
2021-06-18 05:49:00,79.0
2021-06-18 06:04:00,85.0
2021-06-18 06:19:00,88.0
2021-06-18 06:34:00,89.0
2021-06-18 06:49:00,90.0
2021-06-18 07:04:00,90.0
2021-06-18 07:19:00,85.0
2021-06-18 07:34:00,85.0
2021-06-18 07:49:00,87.0
2021-06-18 08:04:00,85.0
2021-06-18 08:21:00,78.0
2021-06-18 08:21:00,
2021-06-18 08:36:00,75.0
2021-06-18 08:51:00,76.0
2021-06-18 09:06:00,78.0
2021-06-18 09:21:00,78.0
2021-06-18 09:36:00,76.0
2021-06-18 09:51:00,77.0
2021-06-18 10:06:00,81.0
2021-06-18 10:21:00,85.0
2021-06-18 10:36:00,84.0
2021-06-18 10:51:00,82.0
2021-06-18 11:06:00,82.0
2021-06-18 11:21:00,80.0
2021-06-18 11:36:00,81.0
2021-06-18 11:51:00,83.0
2021-06-18 12:06:00,79.0
2021-06-18 12:21:00,78.0
2021-06-18 12:36:00,82.0
2021-06-18 12:43:00,
2021-06-18 12:51:00,86.0
2021-06-18 13:06:00,88.0
2021-06-18 13:21:00,86.0
2021-06-18 13:36:00,88.0
2021-06-18 13:51:00,89.0
2021-06-18 14:07:00,85.0
2021-06-18 14:15:00,
2021-06-18 14:15:00,
2021-06-18 14:22:00,82.0
2021-06-18 14:37:00,76.0
2021-06-18 14:52:00,72.0
2021-06-18 15:07:00,71.0
2021-06-18 15:22:00,71.0
2021-06-18 15:37:00,73.0
2021-06-18 15:42:00,
2021-06-18 15:52:00,77.0
2021-06-18 15:52:00,
2021-06-18 16:07:00,78.0
2021-06-18 16:22:00,80.0
2021-06-18 16:38:00,80.0
2021-06-18 16:42:00,
2021-06-18 16:53:00,78.0
2021-06-18 17:08:00,75.0
2021-06-18 17:23:00,76.0
2021-06-18 17:38:00,78.0
2021-06-18 17:53:00,76.0
2021-06-18 18:08:00,76.0
2021-06-18 18:23:00,76.0
2021-06-18 18:38:00,76.0
2021-06-18 18:54:00,84.0
2021-06-18 18:55:00,
2021-06-18 19:09:00,83.0
2021-06-18 19:24:00,81.0
2021-06-18 19:39:00,85.0
2021-06-18 19:54:00,90.0
2021-06-18 20:09:00,93.0
2021-06-18 20:25:00,91.0
2021-06-18 20:31:00,
2021-06-18 20:40:00,90.0
2021-06-18 20:55:00,91.0
2021-06-18 21:10:00,92.0
2021-06-18 21:25:00,92.0
2021-06-18 21:40:00,87.0
2021-06-18 21:55:00,81.0
2021-06-18 22:10:00,78.0
2021-06-18 22:25:00,78.0
2021-06-18 22:40:00,79.0
2021-06-18 22:55:00,84.0
2021-06-18 23:02:00,
2021-06-18 23:10:00,87.0
2021-06-18 23:25:00,89.0
2021-06-18 23:40:00,89.0
2021-06-19 00:01:00,
2021-06-19 01:43:00,71.0
2021-06-19 01:58:00,71.0
2021-06-19 02:13:00,71.0
2021-06-19 02:28:00,71.0
2021-06-19 02:43:00,71.0
2021-06-19 02:58:00,71.0
2021-06-19 03:13:00,71.0
2021-06-19 03:28:00,69.0
2021-06-19 03:43:00,68.0
2021-06-19 03:58:00,71.0
2021-06-19 04:13:00,72.0
2021-06-19 04:28:00,70.0
2021-06-19 04:43:00,69.0
2021-06-19 04:58:00,69.0
2021-06-19 05:13:00,67.0
2021-06-19 05:28:00,67.0
2021-06-19 05:43:00,67.0
2021-06-19 05:58:00,68.0
2021-06-19 06:13:00,67.0
2021-06-19 06:28:00,64.0
2021-06-19 06:43:00,67.0
2021-06-19 06:58:00,69.0
2021-06-19 07:13:00,69.0
2021-06-19 07:28:00,70.0
2021-06-19 07:43:00,69.0
2021-06-19 07:58:00,69.0
2021-06-19 08:13:00,70.0
2021-06-19 08:28:00,69.0
2021-06-19 08:43:00,67.0
2021-06-19 08:58:00,71.0
2021-06-19 09:13:00,74.0
2021-06-19 09:29:00,74.0
2021-06-19 09:41:00,
2021-06-19 09:44:00,73.0
2021-06-19 09:59:00,72.0
2021-06-19 10:14:00,78.0
2021-06-19 10:29:00,82.0
2021-06-19 10:45:00,79.0
2021-06-19 10:53:00,
2021-06-19 11:00:00,82.0
2021-06-19 11:15:00,84.0
2021-06-19 11:30:00,84.0
2021-06-19 11:45:00,83.0
2021-06-19 12:00:00,80.0
2021-06-19 12:15:00,80.0
2021-06-19 12:30:00,83.0
2021-06-19 12:45:00,87.0
2021-06-19 13:00:00,85.0
2021-06-19 13:15:00,79.0
2021-06-19 13:30:00,76.0
2021-06-19 13:45:00,80.0
2021-06-19 14:00:00,91.0
2021-06-19 14:16:00,
2021-06-19 14:17:00,97.0
2021-06-19 14:22:00,
2021-06-19 14:32:00,90.0
2021-06-19 14:47:00,83.0
2021-06-19 15:02:00,80.0
2021-06-19 15:17:00,82.0
2021-06-19 15:32:00,86.0
2021-06-19 15:47:00,88.0
2021-06-19 16:02:00,90.0
2021-06-19 16:17:00,89.0
2021-06-19 16:32:00,85.0
2021-06-19 16:47:00,86.0
2021-06-19 17:02:00,88.0
2021-06-19 17:17:00,89.0
2021-06-19 17:32:00,86.0
2021-06-19 17:47:00,83.0
2021-06-19 18:02:00,84.0
2021-06-19 18:17:00,87.0
2021-06-19 18:32:00,85.0
2021-06-19 18:47:00,87.0
2021-06-19 19:02:00,93.0
2021-06-19 19:17:00,100.0
2021-06-19 19:20:00,
2021-06-19 19:32:00,99.0
2021-06-19 19:47:00,96.0
2021-06-19 20:02:00,95.0
2021-06-19 20:17:00,91.0
2021-06-19 20:20:00,
2021-06-19 20:32:00,91.0
2021-06-19 20:47:00,92.0
2021-06-19 21:02:00,90.0
2021-06-19 21:17:00,93.0
2021-06-19 21:33:00,
2021-06-19 21:34:00,87.0
2021-06-19 21:49:00,84.0
2021-06-19 22:04:00,81.0
2021-06-19 22:19:00,80.0
2021-06-19 22:34:00,79.0
2021-06-19 22:49:00,78.0
2021-06-19 23:04:00,78.0
2021-06-19 23:19:00,78.0
2021-06-19 23:34:00,76.0
2021-06-20 00:03:00,
2021-06-20 00:06:00,85.0
2021-06-20 00:21:00,82.0
2021-06-20 00:36:00,80.0
2021-06-20 00:51:00,78.0
2021-06-20 01:06:00,77.0
2021-06-20 01:21:00,77.0
2021-06-20 01:36:00,73.0
2021-06-20 01:51:00,70.0
2021-06-20 02:06:00,71.0
2021-06-20 02:21:00,73.0
2021-06-20 02:36:00,76.0
2021-06-20 02:51:00,72.0
2021-06-20 03:06:00,69.0
2021-06-20 03:21:00,67.0
2021-06-20 03:36:00,65.0
2021-06-20 03:51:00,66.0
2021-06-20 04:06:00,68.0
2021-06-20 04:21:00,68.0
2021-06-20 04:36:00,69.0
2021-06-20 04:51:00,70.0
2021-06-20 05:06:00,73.0
2021-06-20 05:21:00,75.0
2021-06-20 05:36:00,73.0
2021-06-20 05:51:00,71.0
2021-06-20 06:06:00,71.0
2021-06-20 06:21:00,70.0
2021-06-20 06:36:00,71.0
2021-06-20 06:51:00,74.0
2021-06-20 07:06:00,73.0
2021-06-20 07:21:00,74.0
2021-06-20 07:36:00,76.0
2021-06-20 07:53:00,75.0
2021-06-20 07:54:00,
2021-06-20 08:08:00,75.0
2021-06-20 08:23:00,75.0
2021-06-20 08:38:00,75.0
2021-06-20 08:53:00,77.0
2021-06-20 09:08:00,79.0
2021-06-20 09:23:00,78.0
2021-06-20 09:38:00,74.0
2021-06-20 09:53:00,71.0
2021-06-20 10:08:00,70.0
2021-06-20 10:23:00,71.0
2021-06-20 10:38:00,74.0
2021-06-20 10:53:00,75.0
2021-06-20 11:08:00,73.0
2021-06-20 11:23:00,74.0
2021-06-20 11:34:00,
2021-06-20 11:34:00,
2021-06-20 11:38:00,73.0
2021-06-20 11:53:00,69.0
2021-06-20 12:08:00,70.0
2021-06-20 12:23:00,74.0
2021-06-20 12:38:00,80.0
2021-06-20 12:53:00,107.0
2021-06-20 13:08:00,139.0
2021-06-20 13:23:00,138.0
2021-06-20 13:38:00,120.0
2021-06-20 13:53:00,111.0
2021-06-20 14:08:00,116.0
2021-06-20 14:23:00,131.0
2021-06-20 14:26:00,
2021-06-20 14:36:00,
2021-06-20 14:39:00,136.0
2021-06-20 14:49:00,
2021-06-20 14:54:00,133.0
2021-06-20 15:09:00,111.0
2021-06-20 15:24:00,100.0
2021-06-20 15:39:00,110.0
2021-06-20 15:41:00,
2021-06-20 15:54:00,115.0
2021-06-20 16:09:00,122.0
2021-06-20 16:24:00,124.0
2021-06-20 16:39:00,116.0
2021-06-20 16:54:00,105.0
2021-06-20 17:09:00,104.0
2021-06-20 17:24:00,105.0
2021-06-20 17:39:00,94.0
2021-06-20 17:54:00,83.0
2021-06-20 18:10:00,79.0
2021-06-20 18:17:00,
2021-06-20 18:25:00,80.0
2021-06-20 18:40:00,79.0
2021-06-20 18:55:00,77.0
2021-06-20 19:10:00,79.0
2021-06-20 19:25:00,87.0
2021-06-20 19:40:00,90.0
2021-06-20 19:55:00,83.0
2021-06-20 20:10:00,76.0
2021-06-20 20:27:00,
2021-06-21 01:00:00,74.0
2021-06-21 01:15:00,75.0
2021-06-21 01:30:00,76.0
2021-06-21 01:45:00,72.0
2021-06-21 02:00:00,71.0
2021-06-21 02:15:00,70.0
2021-06-21 02:30:00,69.0
2021-06-21 02:45:00,67.0
2021-06-21 03:00:00,69.0
2021-06-21 03:15:00,69.0
2021-06-21 03:30:00,65.0
2021-06-21 03:45:00,67.0
2021-06-21 04:00:00,67.0
2021-06-21 04:15:00,67.0
2021-06-21 04:30:00,66.0
2021-06-21 04:45:00,65.0
2021-06-21 05:00:00,69.0
2021-06-21 05:15:00,71.0
2021-06-21 05:30:00,69.0
2021-06-21 05:45:00,69.0
2021-06-21 06:00:00,68.0
2021-06-21 06:15:00,67.0
2021-06-21 06:30:00,68.0
2021-06-21 06:45:00,69.0
2021-06-21 07:00:00,69.0
2021-06-21 07:15:00,69.0
2021-06-21 07:30:00,67.0
2021-06-21 07:45:00,67.0
2021-06-21 08:00:00,68.0
2021-06-21 08:15:00,67.0
2021-06-21 08:30:00,66.0
2021-06-21 08:46:00,74.0
2021-06-21 08:57:00,
2021-06-21 09:01:00,75.0
2021-06-21 09:16:00,72.0
2021-06-21 09:31:00,78.0
2021-06-21 09:46:00,90.0
2021-06-21 10:01:00,92.0
2021-06-21 10:16:00,85.0
2021-06-21 10:31:00,79.0
2021-06-21 10:46:00,77.0
2021-06-21 11:01:00,77.0
2021-06-21 11:16:00,75.0
2021-06-21 11:31:00,73.0
2021-06-21 11:46:00,72.0
2021-06-21 12:01:00,73.0
2021-06-21 12:16:00,74.0
2021-06-21 12:31:00,77.0
2021-06-21 12:47:00,78.0
2021-06-21 12:56:00,
2021-06-21 13:02:00,77.0
2021-06-21 13:17:00,76.0
2021-06-21 13:32:00,74.0
2021-06-21 13:47:00,73.0
2021-06-21 14:02:00,75.0
2021-06-21 14:17:00,80.0
2021-06-21 14:32:00,82.0
2021-06-21 14:47:00,79.0
2021-06-21 15:02:00,77.0
2021-06-21 15:17:00,72.0
2021-06-21 15:32:00,67.0
2021-06-21 15:47:00,77.0
2021-06-21 16:02:00,82.0
2021-06-21 16:17:00,81.0
2021-06-21 16:32:00,81.0
2021-06-21 16:48:00,80.0
2021-06-21 16:49:00,
2021-06-21 17:03:00,79.0
2021-06-21 17:18:00,77.0
2021-06-21 17:33:00,75.0
2021-06-21 17:48:00,73.0
2021-06-21 18:06:00,
2021-06-22 01:54:00,72.0
2021-06-22 02:09:00,70.0
2021-06-22 02:24:00,67.0
2021-06-22 02:39:00,67.0
2021-06-22 02:54:00,68.0
2021-06-22 03:09:00,68.0
2021-06-22 03:24:00,67.0
2021-06-22 03:39:00,65.0
2021-06-22 03:54:00,65.0
2021-06-22 04:09:00,66.0
2021-06-22 04:24:00,65.0
2021-06-22 04:39:00,63.0
2021-06-22 04:54:00,63.0
2021-06-22 05:09:00,65.0
2021-06-22 05:24:00,65.0
2021-06-22 05:39:00,63.0
2021-06-22 05:54:00,64.0
2021-06-22 06:09:00,64.0
2021-06-22 06:24:00,64.0
2021-06-22 06:39:00,68.0
2021-06-22 06:54:00,70.0
2021-06-22 07:09:00,69.0
2021-06-22 07:24:00,68.0
2021-06-22 07:39:00,65.0
2021-06-22 07:54:00,63.0
2021-06-22 08:09:00,66.0
2021-06-22 08:24:00,66.0
2021-06-22 08:39:00,63.0
2021-06-22 08:54:00,62.0
2021-06-22 09:09:00,64.0
2021-06-22 09:24:00,67.0
2021-06-22 09:39:00,68.0
2021-06-22 09:55:00,
2021-06-22 09:55:00,71.0
2021-06-22 10:10:00,68.0
2021-06-22 10:25:00,75.0
2021-06-22 10:40:00,87.0
2021-06-22 10:55:00,85.0
2021-06-22 11:10:00,85.0
2021-06-22 11:25:00,89.0
2021-06-22 11:40:00,90.0
2021-06-22 11:55:00,86.0
2021-06-22 12:10:00,81.0
2021-06-22 12:25:00,80.0
2021-06-22 12:40:00,76.0
2021-06-22 12:55:00,75.0
2021-06-22 13:10:00,76.0
2021-06-22 13:25:00,77.0
2021-06-22 13:40:00,78.0
2021-06-22 13:55:00,82.0
2021-06-22 14:11:00,108.0
2021-06-22 14:11:00,
2021-06-22 14:26:00,125.0
2021-06-22 14:41:00,129.0
2021-06-22 14:56:00,129.0
2021-06-22 15:11:00,129.0
2021-06-22 15:26:00,126.0
2021-06-22 15:41:00,119.0
2021-06-22 15:56:00,109.0
2021-06-22 16:05:00,
2021-06-22 16:11:00,96.0
2021-06-22 16:25:00,
2021-06-22 16:26:00,92.0
2021-06-22 16:41:00,89.0
2021-06-22 16:56:00,88.0
2021-06-22 17:11:00,91.0
2021-06-22 17:25:00,
2021-06-22 17:26:00,89.0
2021-06-22 17:41:00,83.0
2021-06-22 17:56:00,80.0
2021-06-22 18:11:00,82.0
2021-06-22 18:26:00,82.0
2021-06-22 18:41:00,81.0
2021-06-22 18:56:00,85.0
2021-06-22 19:12:00,91.0
2021-06-22 19:14:00,
2021-06-22 19:27:00,88.0
2021-06-22 19:42:00,82.0
2021-06-22 19:57:00,81.0
2021-06-22 20:12:00,78.0
2021-06-22 20:27:00,77.0
2021-06-22 20:42:00,79.0
2021-06-22 20:57:00,
2021-06-22 20:58:00,81.0
2021-06-22 21:13:00,80.0
2021-06-22 21:28:00,77.0
2021-06-22 21:43:00,77.0
2021-06-22 21:58:00,80.0
2021-06-22 22:13:00,81.0
2021-06-22 22:28:00,78.0
2021-06-22 22:43:00,79.0
2021-06-22 22:58:00,82.0
2021-06-22 23:19:00,
2021-06-22 23:46:00,83.0
2021-06-23 00:01:00,82.0
2021-06-23 00:16:00,82.0
2021-06-23 00:31:00,80.0
2021-06-23 00:46:00,78.0
2021-06-23 01:01:00,77.0
2021-06-23 01:16:00,76.0
2021-06-23 01:31:00,75.0
2021-06-23 01:46:00,75.0
2021-06-23 02:01:00,75.0
2021-06-23 02:16:00,74.0
2021-06-23 02:31:00,74.0
2021-06-23 02:46:00,75.0
2021-06-23 03:01:00,77.0
2021-06-23 03:16:00,79.0
2021-06-23 03:31:00,77.0
2021-06-23 03:46:00,73.0
2021-06-23 04:01:00,71.0
2021-06-23 04:16:00,71.0
2021-06-23 04:31:00,68.0
2021-06-23 04:46:00,68.0
2021-06-23 05:01:00,68.0
2021-06-23 05:16:00,68.0
2021-06-23 05:31:00,69.0
2021-06-23 05:46:00,71.0
2021-06-23 06:01:00,73.0
2021-06-23 06:16:00,74.0
2021-06-23 06:31:00,72.0
2021-06-23 06:46:00,72.0
2021-06-23 07:01:00,73.0
2021-06-23 07:16:00,73.0
2021-06-23 07:31:00,72.0
2021-06-23 07:46:00,
2021-06-23 07:46:00,
2021-06-23 07:48:00,75.0
2021-06-23 08:03:00,73.0
2021-06-23 08:18:00,72.0
2021-06-23 08:33:00,73.0
2021-06-23 08:48:00,72.0
2021-06-23 09:03:00,73.0
2021-06-23 09:18:00,81.0
2021-06-23 09:33:00,87.0
2021-06-23 09:48:00,86.0
2021-06-23 10:03:00,82.0
2021-06-23 10:18:00,81.0
2021-06-23 10:33:00,84.0
2021-06-23 10:48:00,85.0
2021-06-23 11:03:00,82.0
2021-06-23 11:18:00,80.0
2021-06-23 11:33:00,79.0
2021-06-23 11:48:00,80.0
2021-06-23 12:03:00,84.0
2021-06-23 12:18:00,82.0
2021-06-23 12:33:00,74.0
2021-06-23 12:50:00,76.0
2021-06-23 13:01:00,
2021-06-23 13:05:00,78.0
2021-06-23 13:20:00,81.0
2021-06-23 13:35:00,87.0
2021-06-23 13:50:00,87.0
2021-06-23 14:05:00,82.0
2021-06-23 14:20:00,79.0
2021-06-23 14:35:00,81.0
2021-06-23 14:50:00,83.0
2021-06-23 15:05:00,86.0
2021-06-23 15:20:00,87.0
2021-06-23 15:35:00,87.0
2021-06-23 15:50:00,88.0
2021-06-23 16:05:00,85.0
2021-06-23 16:20:00,82.0
2021-06-23 16:35:00,82.0
2021-06-23 16:50:00,84.0
2021-06-23 17:05:00,82.0
2021-06-23 17:20:00,78.0
2021-06-23 17:35:00,76.0
2021-06-23 17:50:00,76.0
2021-06-23 18:05:00,76.0
2021-06-23 18:20:00,77.0
2021-06-23 18:35:00,76.0
2021-06-23 18:50:00,75.0
2021-06-23 19:05:00,76.0
2021-06-23 19:20:00,87.0
2021-06-23 19:27:00,
2021-06-23 19:35:00,89.0
2021-06-23 19:50:00,81.0
2021-06-23 20:05:00,78.0
2021-06-23 20:20:00,81.0
2021-06-23 20:35:00,81.0
2021-06-23 20:50:00,79.0
2021-06-23 21:05:00,79.0
2021-06-23 21:20:00,81.0
2021-06-23 21:35:00,83.0
2021-06-23 22:02:00,
2021-06-24 01:55:00,67.0
2021-06-24 02:10:00,67.0
2021-06-24 02:25:00,67.0
2021-06-24 02:40:00,70.0
2021-06-24 02:55:00,72.0
2021-06-24 03:10:00,71.0
2021-06-24 03:25:00,68.0
2021-06-24 03:40:00,67.0
2021-06-24 03:55:00,68.0
2021-06-24 04:10:00,66.0
2021-06-24 04:25:00,66.0
2021-06-24 04:40:00,65.0
2021-06-24 04:55:00,67.0
2021-06-24 05:10:00,69.0
2021-06-24 05:25:00,64.0
2021-06-24 05:40:00,63.0
2021-06-24 05:55:00,65.0
2021-06-24 06:10:00,64.0
2021-06-24 06:25:00,64.0
2021-06-24 06:40:00,64.0
2021-06-24 06:55:00,64.0
2021-06-24 07:10:00,65.0
2021-06-24 07:25:00,68.0
2021-06-24 07:40:00,67.0
2021-06-24 07:55:00,66.0
2021-06-24 08:10:00,67.0
2021-06-24 08:25:00,68.0
2021-06-24 08:40:00,70.0
2021-06-24 08:55:00,76.0
2021-06-24 09:10:00,86.0
2021-06-24 09:25:00,91.0
2021-06-24 09:40:00,86.0
2021-06-24 09:52:00,
2021-06-24 09:55:00,79.0
2021-06-24 10:10:00,76.0
2021-06-24 10:25:00,73.0
2021-06-24 10:40:00,72.0
2021-06-24 10:55:00,74.0
2021-06-24 11:10:00,77.0
2021-06-24 11:25:00,78.0
2021-06-24 11:40:00,78.0
2021-06-24 11:55:00,77.0
2021-06-24 12:10:00,76.0
2021-06-24 12:25:00,73.0
2021-06-24 12:41:00,70.0
2021-06-24 12:54:00,
2021-06-24 12:54:00,
2021-06-24 12:56:00,69.0
2021-06-24 13:11:00,70.0
2021-06-24 13:26:00,74.0
2021-06-24 13:41:00,83.0
2021-06-24 13:56:00,93.0
2021-06-24 14:11:00,92.0
2021-06-24 14:26:00,77.0
2021-06-24 14:41:00,
2021-06-24 15:29:00,87.0
2021-06-24 15:44:00,82.0
2021-06-24 15:59:00,81.0
2021-06-24 16:14:00,77.0
2021-06-24 16:29:00,74.0
2021-06-24 16:44:00,77.0
2021-06-24 16:59:00,78.0
2021-06-24 17:14:00,73.0
2021-06-24 17:29:00,70.0
2021-06-24 17:44:00,70.0
2021-06-24 17:59:00,71.0
2021-06-24 18:14:00,71.0
2021-06-24 18:29:00,77.0
2021-06-24 18:44:00,82.0
2021-06-24 18:59:00,84.0
2021-06-24 19:14:00,83.0
2021-06-24 19:29:00,82.0
2021-06-24 19:44:00,85.0
2021-06-24 19:59:00,87.0
2021-06-24 20:14:00,84.0
2021-06-24 20:29:00,82.0
2021-06-24 20:44:00,83.0
2021-06-24 20:59:00,81.0
2021-06-24 21:14:00,80.0
2021-06-24 21:29:00,79.0
2021-06-24 21:44:00,76.0
2021-06-24 21:59:00,77.0
2021-06-24 22:14:00,77.0
2021-06-24 22:29:00,76.0
2021-06-24 22:44:00,78.0
2021-06-24 22:59:00,80.0
2021-06-24 23:18:00,
2021-06-25 01:33:00,75.0
2021-06-25 01:48:00,71.0
2021-06-25 02:03:00,67.0
2021-06-25 02:18:00,67.0
2021-06-25 02:33:00,68.0
2021-06-25 02:48:00,68.0
2021-06-25 03:03:00,66.0
2021-06-25 03:18:00,64.0
2021-06-25 03:33:00,65.0
2021-06-25 03:48:00,65.0
2021-06-25 04:03:00,65.0
2021-06-25 04:18:00,64.0
2021-06-25 04:33:00,64.0
2021-06-25 04:48:00,65.0
2021-06-25 05:03:00,65.0
2021-06-25 05:18:00,65.0
2021-06-25 05:33:00,65.0
2021-06-25 05:48:00,64.0
2021-06-25 06:03:00,63.0
2021-06-25 06:18:00,64.0
2021-06-25 06:33:00,65.0
2021-06-25 06:48:00,65.0
2021-06-25 07:03:00,67.0
2021-06-25 07:18:00,68.0
2021-06-25 07:33:00,71.0
2021-06-25 07:48:00,72.0
2021-06-25 08:03:00,68.0
2021-06-25 08:18:00,67.0
2021-06-25 08:33:00,68.0
2021-06-25 08:48:00,63.0
2021-06-25 09:03:00,67.0
2021-06-25 09:18:00,70.0
2021-06-25 09:34:00,
2021-06-25 10:35:00,75.0
2021-06-25 10:50:00,73.0
2021-06-25 11:05:00,75.0
2021-06-25 11:20:00,75.0
2021-06-25 11:35:00,73.0
2021-06-25 11:50:00,73.0
2021-06-25 12:05:00,73.0
2021-06-25 12:20:00,74.0
2021-06-25 12:35:00,73.0
2021-06-25 12:50:00,73.0
2021-06-25 13:05:00,81.0
2021-06-25 13:20:00,86.0
2021-06-25 13:35:00,77.0
2021-06-25 13:50:00,77.0
2021-06-25 14:05:00,83.0
2021-06-25 14:20:00,77.0
2021-06-25 14:35:00,74.0
2021-06-25 14:50:00,75.0
2021-06-25 15:05:00,74.0
2021-06-25 15:20:00,76.0
2021-06-25 15:35:00,75.0
2021-06-25 15:50:00,71.0
2021-06-25 16:05:00,71.0
2021-06-25 16:20:00,76.0
2021-06-25 16:35:00,77.0
2021-06-25 16:50:00,76.0
2021-06-25 17:05:00,73.0
2021-06-25 17:20:00,72.0
2021-06-25 17:35:00,73.0
2021-06-25 17:50:00,72.0
2021-06-25 18:05:00,72.0
2021-06-25 18:21:00,74.0
2021-06-25 18:33:00,
2021-06-25 18:36:00,75.0
2021-06-25 18:51:00,82.0
2021-06-25 18:56:00,
2021-06-25 19:06:00,108.0
2021-06-25 19:14:00,
2021-06-25 19:21:00,117.0
2021-06-25 19:36:00,108.0
2021-06-25 19:45:00,
2021-06-25 19:51:00,101.0
2021-06-25 20:06:00,98.0
2021-06-25 20:34:00,
2021-06-25 23:41:00,83.0
2021-06-25 23:56:00,82.0
2021-06-26 00:11:00,84.0
2021-06-26 00:26:00,80.0
2021-06-26 00:41:00,73.0
2021-06-26 00:56:00,69.0
2021-06-26 01:11:00,69.0
2021-06-26 01:26:00,74.0
2021-06-26 01:41:00,76.0
2021-06-26 01:56:00,77.0
2021-06-26 02:11:00,76.0
2021-06-26 02:26:00,74.0
2021-06-26 02:41:00,74.0
2021-06-26 02:56:00,75.0
2021-06-26 03:11:00,74.0
2021-06-26 03:26:00,74.0
2021-06-26 03:41:00,74.0
2021-06-26 03:56:00,72.0
2021-06-26 04:11:00,69.0
2021-06-26 04:26:00,67.0
2021-06-26 04:41:00,67.0
2021-06-26 04:56:00,70.0
2021-06-26 05:11:00,71.0
2021-06-26 05:26:00,72.0
2021-06-26 05:41:00,70.0
2021-06-26 05:56:00,69.0
2021-06-26 06:11:00,69.0
2021-06-26 06:26:00,72.0
2021-06-26 06:41:00,74.0
2021-06-26 06:56:00,74.0
2021-06-26 07:11:00,74.0
2021-06-26 07:26:00,76.0
2021-06-26 07:34:00,
2021-06-26 07:34:00,
2021-06-26 07:41:00,76.0
2021-06-26 07:56:00,78.0
2021-06-26 08:11:00,93.0
2021-06-26 08:21:00,
2021-06-26 08:26:00,116.0
2021-06-26 08:41:00,127.0
2021-06-26 08:43:00,
2021-06-26 08:56:00,114.0
2021-06-26 09:11:00,98.0
2021-06-26 09:26:00,89.0
2021-06-26 09:41:00,84.0
2021-06-26 09:56:00,81.0
2021-06-26 10:11:00,81.0
2021-06-26 10:26:00,84.0
2021-06-26 10:41:00,
2021-06-26 10:42:00,80.0
2021-06-26 10:57:00,77.0
2021-06-26 11:12:00,75.0
2021-06-26 11:28:00,73.0
2021-06-26 11:33:00,
2021-06-26 11:33:00,
2021-06-26 11:43:00,73.0
2021-06-26 11:58:00,76.0
2021-06-26 12:13:00,77.0
2021-06-26 12:28:00,74.0
2021-06-26 12:43:00,76.0
2021-06-26 12:58:00,80.0
2021-06-26 13:12:00,99.0
2021-06-26 13:16:00,
2021-06-26 13:27:00,133.0
2021-06-26 13:42:00,152.0
2021-06-26 13:57:00,131.0
2021-06-26 14:01:00,
2021-06-26 14:12:00,116.0
2021-06-26 14:27:00,109.0
2021-06-26 14:43:00,114.0
2021-06-26 14:44:00,
2021-06-26 14:58:00,131.0
2021-06-26 15:13:00,133.0
2021-06-26 15:28:00,115.0
2021-06-26 15:43:00,107.0
2021-06-26 15:58:00,107.0
2021-06-26 16:14:00,103.0
2021-06-26 16:22:00,
2021-06-26 16:29:00,97.0
2021-06-26 16:44:00,94.0
2021-06-26 16:59:00,94.0
2021-06-26 17:14:00,93.0
2021-06-26 17:29:00,95.0
2021-06-26 17:44:00,99.0
2021-06-26 17:59:00,93.0
2021-06-26 18:14:00,85.0
2021-06-26 18:29:00,83.0
2021-06-26 18:47:00,93.0
2021-06-26 18:51:00,
2021-06-26 19:02:00,113.0
2021-06-26 19:17:00,139.0
2021-06-26 19:32:00,157.0
2021-06-26 19:47:00,141.0
2021-06-26 20:02:00,120.0
2021-06-26 20:17:00,128.0
2021-06-26 20:32:00,140.0
2021-06-26 20:47:00,148.0
2021-06-26 21:02:00,152.0
2021-06-26 21:17:00,152.0
2021-06-26 21:32:00,139.0
2021-06-26 21:47:00,114.0
2021-06-26 22:02:00,101.0
2021-06-26 22:17:00,106.0
2021-06-26 22:32:00,103.0
2021-06-26 22:47:00,97.0
2021-06-26 23:02:00,96.0
2021-06-26 23:17:00,93.0
2021-06-26 23:32:00,91.0
2021-06-26 23:47:00,93.0
2021-06-27 00:02:00,96.0
2021-06-27 00:17:00,98.0
2021-06-27 00:32:00,100.0
2021-06-27 00:47:00,97.0
2021-06-27 01:02:00,95.0
2021-06-27 01:17:00,105.0
2021-06-27 01:32:00,113.0
2021-06-27 01:47:00,113.0
2021-06-27 02:02:00,107.0
2021-06-27 02:17:00,106.0
2021-06-27 02:33:00,107.0
2021-06-27 02:41:00,
2021-06-27 02:48:00,99.0
2021-06-27 03:03:00,93.0
2021-06-27 03:18:00,88.0
2021-06-27 03:33:00,82.0
2021-06-27 03:48:00,82.0
2021-06-27 04:03:00,85.0
2021-06-27 04:18:00,88.0
2021-06-27 04:33:00,90.0
2021-06-27 04:48:00,88.0
2021-06-27 05:03:00,84.0
2021-06-27 05:18:00,84.0
2021-06-27 05:33:00,83.0
2021-06-27 05:48:00,82.0
2021-06-27 06:03:00,82.0
2021-06-27 06:18:00,82.0
2021-06-27 06:33:00,80.0
2021-06-27 06:48:00,78.0
2021-06-27 07:03:00,75.0
2021-06-27 07:18:00,74.0
2021-06-27 07:33:00,76.0
2021-06-27 07:48:00,77.0
2021-06-27 08:03:00,78.0
2021-06-27 08:20:00,82.0
2021-06-27 08:24:00,
2021-06-27 08:35:00,84.0
2021-06-27 08:50:00,88.0
2021-06-27 09:05:00,89.0
2021-06-27 09:20:00,88.0
2021-06-27 09:35:00,90.0
2021-06-27 09:50:00,89.0
2021-06-27 10:05:00,86.0
2021-06-27 10:20:00,86.0
2021-06-27 10:35:00,88.0
2021-06-27 10:50:00,88.0
2021-06-27 11:05:00,91.0
2021-06-27 11:21:00,92.0
2021-06-27 11:30:00,
2021-06-27 11:36:00,90.0
2021-06-27 11:51:00,90.0
2021-06-27 12:06:00,91.0
2021-06-27 12:21:00,90.0
2021-06-27 12:36:00,87.0
2021-06-27 12:51:00,87.0
2021-06-27 13:06:00,87.0
2021-06-27 13:21:00,87.0
2021-06-27 13:36:00,84.0
2021-06-27 13:51:00,87.0
2021-06-27 14:06:00,98.0
2021-06-27 14:10:00,
2021-06-27 14:21:00,104.0
2021-06-27 14:24:00,
2021-06-27 14:36:00,97.0
2021-06-27 14:51:00,94.0
2021-06-27 15:06:00,95.0
2021-06-27 15:21:00,91.0
2021-06-27 15:36:00,88.0
2021-06-27 15:53:00,81.0
2021-06-27 16:05:00,
2021-06-27 16:08:00,70.0
2021-06-27 16:23:00,76.0
2021-06-27 16:38:00,81.0
2021-06-27 16:53:00,83.0
2021-06-27 17:08:00,88.0
2021-06-27 17:23:00,89.0
2021-06-27 17:38:00,88.0
2021-06-27 17:53:00,88.0
2021-06-27 18:08:00,99.0
2021-06-27 18:23:00,123.0
2021-06-27 18:38:00,135.0
2021-06-27 18:53:00,126.0
2021-06-27 19:08:00,117.0
2021-06-27 19:23:00,109.0
2021-06-27 19:38:00,99.0
2021-06-27 19:53:00,94.0
2021-06-27 20:08:00,87.0
2021-06-27 20:23:00,81.0
2021-06-27 20:33:00,
2021-06-27 20:38:00,82.0
2021-06-27 20:53:00,87.0
2021-06-27 21:08:00,98.0
2021-06-27 21:25:00,101.0
2021-06-27 21:27:00,
2021-06-27 21:40:00,98.0
2021-06-27 21:55:00,95.0
2021-06-27 22:10:00,98.0
2021-06-27 22:25:00,100.0
2021-06-27 22:40:00,92.0
2021-06-27 22:55:00,84.0
2021-06-27 23:10:00,79.0
2021-06-27 23:25:00,80.0
2021-06-27 23:40:00,88.0
2021-06-27 23:55:00,89.0
2021-06-28 00:10:00,84.0
2021-06-28 00:25:00,81.0
2021-06-28 00:40:00,82.0
2021-06-28 00:55:00,84.0
2021-06-28 01:10:00,86.0
2021-06-28 01:25:00,83.0
2021-06-28 01:40:00,80.0
2021-06-28 01:55:00,78.0
2021-06-28 02:10:00,77.0
2021-06-28 02:25:00,79.0
2021-06-28 02:40:00,81.0
2021-06-28 02:57:00,83.0
2021-06-28 02:57:00,
2021-06-28 03:12:00,83.0
2021-06-28 03:27:00,81.0
2021-06-28 03:42:00,79.0
2021-06-28 03:57:00,79.0
2021-06-28 04:12:00,78.0
2021-06-28 04:27:00,77.0
2021-06-28 04:42:00,76.0
2021-06-28 04:57:00,76.0
2021-06-28 05:12:00,75.0
2021-06-28 05:27:00,76.0
2021-06-28 05:42:00,78.0
2021-06-28 05:57:00,78.0
2021-06-28 06:12:00,77.0
2021-06-28 06:27:00,78.0
2021-06-28 06:42:00,81.0
2021-06-28 06:57:00,80.0
2021-06-28 07:12:00,78.0
2021-06-28 07:27:00,79.0
2021-06-28 07:42:00,86.0
2021-06-28 07:48:00,
2021-06-28 07:57:00,86.0
2021-06-28 08:12:00,85.0
2021-06-28 08:27:00,83.0
2021-06-28 08:42:00,79.0
2021-06-28 08:57:00,78.0
2021-06-28 09:12:00,81.0
2021-06-28 09:28:00,91.0
2021-06-28 09:29:00,
2021-06-28 09:43:00,91.0
2021-06-28 09:58:00,86.0
2021-06-28 10:13:00,82.0
2021-06-28 10:28:00,82.0
2021-06-28 10:43:00,83.0
2021-06-28 10:58:00,84.0
2021-06-28 11:14:00,87.0
2021-06-28 11:26:00,
2021-06-28 11:29:00,88.0
2021-06-28 11:44:00,89.0
2021-06-28 11:59:00,86.0
2021-06-28 12:14:00,85.0
2021-06-28 12:29:00,84.0
2021-06-28 12:44:00,80.0
2021-06-28 12:59:00,77.0
2021-06-28 13:14:00,79.0
2021-06-28 13:29:00,83.0
2021-06-28 13:44:00,93.0
2021-06-28 13:59:00,102.0
2021-06-28 14:14:00,100.0
2021-06-28 14:29:00,97.0
2021-06-28 14:44:00,104.0
2021-06-28 14:59:00,131.0
2021-06-28 15:11:00,
2021-06-28 15:14:00,139.0
2021-06-28 15:26:00,
2021-06-28 15:29:00,134.0
2021-06-28 15:44:00,121.0
2021-06-28 15:59:00,98.0
2021-06-28 16:15:00,88.0
2021-06-28 16:24:00,
2021-06-28 16:24:00,
2021-06-28 16:30:00,83.0
2021-06-28 16:44:00,
2021-06-28 16:44:00,
2021-06-28 16:45:00,71.0
2021-06-28 17:00:00,70.0
2021-06-28 17:15:00,68.0
2021-06-28 17:30:00,69.0
2021-06-28 17:45:00,80.0
2021-06-28 17:47:00,
2021-06-28 18:00:00,88.0
2021-06-28 18:15:00,93.0
2021-06-28 18:30:00,102.0
2021-06-28 18:41:00,
2021-06-28 18:55:00,
2021-07-06 21:27:00,
2021-07-06 22:29:00,85.0
2021-07-06 22:32:00,
2021-07-06 22:44:00,85.0
2021-07-06 22:59:00,86.0
2021-07-06 23:27:00,
2021-07-07 00:18:00,81.0
2021-07-07 00:33:00,95.0
2021-07-07 00:48:00,93.0
2021-07-07 01:03:00,90.0
2021-07-07 01:18:00,90.0
2021-07-07 01:33:00,92.0
2021-07-07 01:48:00,94.0
2021-07-07 02:03:00,92.0
2021-07-07 02:18:00,84.0
2021-07-07 02:33:00,83.0
2021-07-07 02:48:00,82.0
2021-07-07 03:03:00,83.0
2021-07-07 03:18:00,82.0
2021-07-07 03:33:00,84.0
2021-07-07 03:48:00,81.0
2021-07-07 04:03:00,79.0
2021-07-07 04:18:00,78.0
2021-07-07 04:33:00,79.0
2021-07-07 04:48:00,83.0
2021-07-07 05:03:00,85.0
2021-07-07 05:18:00,87.0
2021-07-07 05:33:00,89.0
2021-07-07 05:48:00,91.0
2021-07-07 06:03:00,91.0
2021-07-07 06:18:00,88.0
2021-07-07 06:33:00,84.0
2021-07-07 06:48:00,80.0
2021-07-07 07:03:00,76.0
2021-07-07 07:18:00,78.0
2021-07-07 07:33:00,89.0
2021-07-07 07:48:00,87.0
2021-07-07 08:04:00,84.0
2021-07-07 08:09:00,
2021-07-07 08:19:00,86.0
2021-07-07 08:34:00,87.0
2021-07-07 08:49:00,88.0
2021-07-07 09:04:00,95.0
2021-07-07 09:19:00,105.0
2021-07-07 09:34:00,103.0
2021-07-07 09:51:00,87.0
2021-07-07 09:58:00,
2021-07-07 10:06:00,81.0
2021-07-07 10:21:00,81.0
2021-07-07 10:36:00,85.0
2021-07-07 10:51:00,89.0
2021-07-07 11:06:00,90.0
2021-07-07 11:21:00,92.0
2021-07-07 11:36:00,93.0
2021-07-07 11:51:00,91.0
2021-07-07 12:06:00,88.0
2021-07-07 12:21:00,86.0
2021-07-07 12:36:00,87.0
2021-07-07 12:45:00,
2021-07-07 12:45:00,
2021-07-07 12:51:00,85.0
2021-07-07 13:06:00,82.0
2021-07-07 13:21:00,85.0
2021-07-07 13:36:00,83.0
2021-07-07 13:51:00,73.0
2021-07-07 14:06:00,88.0
2021-07-07 14:07:00,
2021-07-07 14:12:00,
2021-07-07 14:21:00,106.0
2021-07-07 14:36:00,108.0
2021-07-07 14:51:00,89.0
2021-07-07 15:06:00,80.0
2021-07-07 15:21:00,80.0
2021-07-07 15:36:00,89.0
2021-07-07 15:51:00,98.0
2021-07-07 16:06:00,94.0
2021-07-07 16:22:00,84.0
2021-07-07 16:29:00,
2021-07-07 16:37:00,86.0
2021-07-07 16:52:00,85.0
2021-07-07 17:07:00,85.0
2021-07-07 17:22:00,85.0
2021-07-07 17:37:00,81.0
2021-07-07 17:52:00,79.0
2021-07-07 18:07:00,79.0
2021-07-07 18:22:00,82.0
2021-07-07 18:37:00,82.0
2021-07-07 18:50:00,
2021-07-07 18:50:00,
2021-07-07 18:52:00,80.0
2021-07-07 19:07:00,78.0
2021-07-07 19:22:00,85.0
2021-07-07 19:30:00,
2021-07-07 19:30:00,
2021-07-07 19:37:00,97.0
2021-07-07 19:41:00,
2021-07-07 19:52:00,83.0
2021-07-07 20:07:00,71.0
2021-07-07 20:22:00,72.0
2021-07-07 20:39:00,86.0
2021-07-07 20:44:00,
2021-07-07 20:54:00,88.0
2021-07-07 21:09:00,86.0
2021-07-07 21:24:00,81.0
2021-07-07 21:39:00,75.0
2021-07-07 21:54:00,77.0
2021-07-07 22:09:00,81.0
2021-07-07 22:34:00,
2021-07-07 23:28:00,65.0
2021-07-07 23:43:00,67.0
2021-07-07 23:58:00,69.0
2021-07-08 00:13:00,79.0
2021-07-08 00:28:00,85.0
2021-07-08 00:43:00,83.0
2021-07-08 00:58:00,77.0
2021-07-08 01:13:00,70.0
2021-07-08 01:28:00,73.0
2021-07-08 01:43:00,77.0
2021-07-08 01:58:00,77.0
2021-07-08 02:13:00,77.0
2021-07-08 02:28:00,77.0
2021-07-08 02:43:00,71.0
2021-07-08 02:58:00,64.0
2021-07-08 03:13:00,64.0
2021-07-08 03:28:00,67.0
2021-07-08 03:43:00,70.0
2021-07-08 03:58:00,67.0
2021-07-08 04:13:00,65.0
2021-07-08 04:28:00,69.0
2021-07-08 04:43:00,71.0
2021-07-08 04:58:00,69.0
2021-07-08 05:13:00,67.0
2021-07-08 05:28:00,65.0
2021-07-08 05:43:00,66.0
2021-07-08 05:58:00,69.0
2021-07-08 06:13:00,67.0
2021-07-08 06:28:00,66.0
2021-07-08 06:43:00,67.0
2021-07-08 06:58:00,69.0
2021-07-08 07:13:00,72.0
2021-07-08 07:25:00,
2021-07-08 07:28:00,74.0
2021-07-08 07:43:00,73.0
2021-07-08 07:58:00,74.0
2021-07-08 08:13:00,78.0
2021-07-08 08:28:00,79.0
2021-07-08 08:43:00,79.0
2021-07-08 08:58:00,82.0
2021-07-08 09:13:00,82.0
2021-07-08 09:29:00,80.0
2021-07-08 09:33:00,
2021-07-08 09:44:00,76.0
2021-07-08 09:59:00,85.0
2021-07-08 10:14:00,109.0
2021-07-08 10:29:00,123.0
2021-07-08 10:45:00,117.0
2021-07-08 10:54:00,
2021-07-08 11:00:00,103.0
2021-07-08 11:15:00,85.0
2021-07-08 11:30:00,81.0
2021-07-08 11:45:00,82.0
2021-07-08 12:00:00,82.0
2021-07-08 12:15:00,79.0
2021-07-08 12:30:00,77.0
2021-07-08 12:45:00,80.0
2021-07-08 13:00:00,83.0
2021-07-08 13:16:00,78.0
2021-07-08 13:23:00,
2021-07-08 13:31:00,78.0
2021-07-08 13:46:00,76.0
2021-07-08 14:01:00,73.0
2021-07-08 14:16:00,74.0
2021-07-08 14:31:00,79.0
2021-07-08 14:46:00,81.0
2021-07-08 15:01:00,80.0
2021-07-08 15:16:00,78.0
2021-07-08 15:31:00,77.0
2021-07-08 15:47:00,
2021-07-08 15:49:00,81.0
2021-07-08 16:04:00,83.0
2021-07-08 16:19:00,89.0
2021-07-08 16:34:00,89.0
2021-07-08 16:49:00,83.0
2021-07-08 17:04:00,82.0
2021-07-08 17:19:00,87.0
2021-07-08 17:34:00,90.0
2021-07-08 17:49:00,88.0
2021-07-08 18:04:00,84.0
2021-07-08 18:19:00,80.0
2021-07-08 18:34:00,83.0
2021-07-08 18:49:00,85.0
2021-07-08 19:04:00,85.0
2021-07-08 19:19:00,89.0
2021-07-08 19:34:00,95.0
2021-07-08 19:49:00,91.0
2021-07-08 20:04:00,82.0
2021-07-08 20:19:00,80.0
2021-07-08 20:34:00,82.0
2021-07-08 20:49:00,81.0
2021-07-08 21:04:00,79.0
2021-07-08 21:19:00,76.0
2021-07-08 21:34:00,76.0
2021-07-08 21:49:00,78.0
2021-07-08 22:13:00,
2021-07-08 23:07:00,83.0
2021-07-08 23:22:00,83.0
2021-07-08 23:37:00,78.0
2021-07-08 23:52:00,75.0
2021-07-09 00:07:00,80.0
2021-07-09 00:22:00,86.0
2021-07-09 00:37:00,81.0
2021-07-09 00:52:00,74.0
2021-07-09 01:07:00,73.0
2021-07-09 01:22:00,77.0
2021-07-09 01:37:00,73.0
2021-07-09 01:52:00,72.0
2021-07-09 02:07:00,75.0
2021-07-09 02:22:00,72.0
2021-07-09 02:37:00,69.0
2021-07-09 02:52:00,70.0
2021-07-09 03:07:00,74.0
2021-07-09 03:22:00,76.0
2021-07-09 03:37:00,73.0
2021-07-09 03:52:00,73.0
2021-07-09 04:07:00,70.0
2021-07-09 04:22:00,67.0
2021-07-09 04:37:00,68.0
2021-07-09 04:52:00,64.0
2021-07-09 05:07:00,63.0
2021-07-09 05:22:00,66.0
2021-07-09 05:37:00,71.0
2021-07-09 05:52:00,73.0
2021-07-09 06:07:00,73.0
2021-07-09 06:22:00,74.0
2021-07-09 06:37:00,74.0
2021-07-09 06:54:00,
2021-07-09 06:54:00,72.0
2021-07-09 07:09:00,71.0
2021-07-09 07:24:00,76.0
2021-07-09 07:39:00,77.0
2021-07-09 07:54:00,75.0
2021-07-09 08:09:00,77.0
2021-07-09 08:24:00,83.0
2021-07-09 08:39:00,92.0
2021-07-09 08:54:00,92.0
2021-07-09 09:09:00,86.0
2021-07-09 09:24:00,87.0
2021-07-09 09:39:00,87.0
2021-07-09 09:54:00,89.0
2021-07-09 10:09:00,91.0
2021-07-09 10:24:00,90.0
2021-07-09 10:39:00,86.0
2021-07-09 10:54:00,82.0
2021-07-09 11:09:00,81.0
2021-07-09 11:24:00,83.0
2021-07-09 11:39:00,87.0
2021-07-09 11:54:00,89.0
2021-07-09 12:09:00,88.0
2021-07-09 12:27:00,83.0
2021-07-09 12:35:00,
2021-07-09 12:42:00,85.0
2021-07-09 12:57:00,89.0
2021-07-09 13:12:00,90.0
2021-07-09 13:27:00,88.0
2021-07-09 13:42:00,86.0
2021-07-09 13:57:00,84.0
2021-07-09 14:12:00,82.0
2021-07-09 14:27:00,81.0
2021-07-09 14:42:00,82.0
2021-07-09 14:57:00,83.0
2021-07-09 15:12:00,82.0
2021-07-09 15:27:00,80.0
2021-07-09 15:42:00,84.0
2021-07-09 15:57:00,92.0
2021-07-09 16:12:00,95.0
2021-07-09 16:27:00,93.0
2021-07-09 16:42:00,87.0
2021-07-09 16:57:00,82.0
2021-07-09 17:12:00,80.0
2021-07-09 17:27:00,76.0
2021-07-09 17:42:00,77.0
2021-07-09 17:57:00,86.0
2021-07-09 18:12:00,92.0
2021-07-09 18:27:00,96.0
2021-07-09 18:42:00,101.0
2021-07-09 18:55:00,
2021-07-09 18:58:00,104.0
2021-07-09 19:09:00,
2021-07-09 19:13:00,100.0
2021-07-09 19:28:00,97.0
2021-07-09 19:43:00,98.0
2021-07-09 19:58:00,95.0
2021-07-09 20:13:00,90.0
2021-07-09 20:29:00,90.0
2021-07-09 20:32:00,
2021-07-09 20:44:00,90.0
2021-07-09 20:59:00,89.0
2021-07-09 21:14:00,86.0
2021-07-09 21:29:00,83.0
2021-07-09 21:44:00,83.0
2021-07-09 21:59:00,84.0
2021-07-09 22:14:00,83.0
2021-07-09 22:29:00,82.0
2021-07-09 22:44:00,82.0
2021-07-09 22:59:00,84.0
2021-07-09 23:22:00,
2021-07-10 00:33:00,76.0
2021-07-10 00:48:00,79.0
2021-07-10 01:03:00,78.0
2021-07-10 01:18:00,77.0
2021-07-10 01:33:00,77.0
2021-07-10 01:48:00,77.0
2021-07-10 02:03:00,75.0
2021-07-10 02:18:00,75.0
2021-07-10 02:33:00,74.0
2021-07-10 02:48:00,73.0
2021-07-10 03:03:00,73.0
2021-07-10 03:18:00,72.0
2021-07-10 03:33:00,73.0
2021-07-10 03:48:00,72.0
2021-07-10 04:03:00,72.0
2021-07-10 04:18:00,74.0
2021-07-10 04:33:00,73.0
2021-07-10 04:48:00,72.0
2021-07-10 05:03:00,75.0
2021-07-10 05:18:00,74.0
2021-07-10 05:33:00,73.0
2021-07-10 05:48:00,75.0
2021-07-10 06:03:00,75.0
2021-07-10 06:18:00,73.0
2021-07-10 06:33:00,68.0
2021-07-10 06:48:00,65.0
2021-07-10 07:03:00,73.0
2021-07-10 07:18:00,77.0
2021-07-10 07:33:00,74.0
2021-07-10 07:48:00,72.0
2021-07-10 08:03:00,71.0
2021-07-10 08:18:00,79.0
2021-07-10 08:24:00,
2021-07-10 08:33:00,80.0
2021-07-10 08:48:00,85.0
2021-07-10 09:03:00,107.0
2021-07-10 09:18:00,123.0
2021-07-10 09:35:00,112.0
2021-07-10 09:38:00,
2021-07-10 09:50:00,99.0
2021-07-10 10:05:00,91.0
2021-07-10 10:20:00,87.0
2021-07-10 10:35:00,87.0
2021-07-10 10:50:00,87.0
2021-07-10 11:05:00,87.0
2021-07-10 11:20:00,85.0
2021-07-10 11:35:00,82.0
2021-07-10 11:50:00,81.0
2021-07-10 12:05:00,83.0
2021-07-10 12:20:00,85.0
2021-07-10 12:35:00,83.0
2021-07-10 12:51:00,84.0
2021-07-10 12:58:00,
2021-07-10 13:06:00,86.0
2021-07-10 13:21:00,87.0
2021-07-10 13:36:00,83.0
2021-07-10 13:51:00,76.0
2021-07-10 14:06:00,79.0
2021-07-10 14:21:00,83.0
2021-07-10 14:37:00,80.0
2021-07-10 14:38:00,
2021-07-10 14:52:00,82.0
2021-07-10 15:07:00,82.0
2021-07-10 15:22:00,79.0
2021-07-10 15:37:00,79.0
2021-07-10 15:52:00,81.0
2021-07-10 16:07:00,84.0
2021-07-10 16:22:00,84.0
2021-07-10 16:37:00,85.0
2021-07-10 16:52:00,87.0
2021-07-10 17:07:00,86.0
2021-07-10 17:22:00,83.0
2021-07-10 17:37:00,80.0
2021-07-10 17:52:00,77.0
2021-07-10 18:07:00,77.0
2021-07-10 18:22:00,79.0
2021-07-10 18:37:00,82.0
2021-07-10 18:52:00,87.0
2021-07-10 19:07:00,104.0
2021-07-10 19:22:00,121.0
2021-07-10 19:38:00,123.0
2021-07-10 19:47:00,
2021-07-10 19:53:00,124.0
2021-07-10 20:08:00,127.0
2021-07-10 20:23:00,125.0
2021-07-10 20:38:00,119.0
2021-07-10 20:53:00,116.0
2021-07-10 21:04:00,
2021-07-10 21:08:00,111.0
2021-07-10 21:23:00,107.0
2021-07-10 21:38:00,104.0
2021-07-10 21:53:00,105.0
2021-07-10 22:09:00,108.0
2021-07-10 22:10:00,
2021-07-10 22:24:00,101.0
2021-07-10 22:39:00,95.0
2021-07-10 22:54:00,93.0
2021-07-10 23:16:00,
2021-07-10 23:57:00,81.0
2021-07-11 00:12:00,77.0
2021-07-11 00:27:00,75.0
2021-07-11 00:42:00,75.0
2021-07-11 00:57:00,76.0
2021-07-11 01:12:00,77.0
2021-07-11 01:27:00,79.0
2021-07-11 01:42:00,79.0
2021-07-11 01:57:00,78.0
2021-07-11 02:12:00,75.0
2021-07-11 02:27:00,73.0
2021-07-11 02:42:00,73.0
2021-07-11 02:57:00,73.0
2021-07-11 03:12:00,74.0
2021-07-11 03:27:00,75.0
2021-07-11 03:42:00,75.0
2021-07-11 03:57:00,75.0
2021-07-11 04:12:00,72.0
2021-07-11 04:27:00,73.0
2021-07-11 04:42:00,76.0
2021-07-11 04:57:00,75.0
2021-07-11 05:12:00,74.0
2021-07-11 05:27:00,75.0
2021-07-11 05:42:00,77.0
2021-07-11 05:57:00,76.0
2021-07-11 06:12:00,76.0
2021-07-11 06:27:00,75.0
2021-07-11 06:42:00,73.0
2021-07-11 06:57:00,73.0
2021-07-11 07:12:00,75.0
2021-07-11 07:27:00,78.0
2021-07-11 07:44:00,82.0
2021-07-11 07:45:00,
2021-07-11 07:59:00,80.0
2021-07-11 08:14:00,81.0
2021-07-11 08:29:00,82.0
2021-07-11 08:44:00,82.0
2021-07-11 08:59:00,84.0
2021-07-11 09:14:00,82.0
2021-07-11 09:29:00,80.0
2021-07-11 09:44:00,78.0
2021-07-11 09:59:00,81.0
2021-07-11 10:14:00,84.0
2021-07-11 10:29:00,80.0
2021-07-11 10:44:00,77.0
2021-07-11 10:59:00,79.0
2021-07-11 11:14:00,83.0
2021-07-11 11:29:00,79.0
2021-07-11 11:42:00,
2021-07-11 11:44:00,82.0
2021-07-11 11:59:00,94.0
2021-07-11 12:14:00,99.0
2021-07-11 12:29:00,103.0
2021-07-11 12:45:00,113.0
2021-07-11 12:45:00,
2021-07-11 13:00:00,114.0
2021-07-11 13:15:00,107.0
2021-07-11 13:30:00,113.0
2021-07-11 13:45:00,126.0
2021-07-11 14:00:00,121.0
2021-07-11 14:16:00,89.0
2021-07-11 14:22:00,
2021-07-11 14:31:00,82.0
2021-07-11 14:46:00,88.0
2021-07-11 15:01:00,83.0
2021-07-11 15:16:00,76.0
2021-07-11 15:31:00,79.0
2021-07-11 15:46:00,82.0
2021-07-11 16:01:00,81.0
2021-07-11 16:16:00,83.0
2021-07-11 16:31:00,83.0
2021-07-11 16:46:00,83.0
2021-07-11 17:01:00,82.0
2021-07-11 17:16:00,78.0
2021-07-11 17:31:00,80.0
2021-07-11 17:47:00,84.0
2021-07-11 17:57:00,
2021-07-11 18:02:00,89.0
2021-07-11 18:17:00,88.0
2021-07-11 18:32:00,81.0
2021-07-11 18:42:00,
2021-07-11 18:47:00,97.0
2021-07-11 19:02:00,125.0
2021-07-11 19:17:00,141.0
2021-07-11 19:32:00,141.0
2021-07-11 19:47:00,138.0
2021-07-11 20:03:00,143.0
2021-07-11 20:10:00,
2021-07-11 20:18:00,142.0
2021-07-11 20:33:00,134.0
2021-07-11 20:48:00,127.0
2021-07-11 21:04:00,119.0
2021-07-11 21:17:00,
2021-07-11 21:19:00,110.0
2021-07-11 21:34:00,104.0
2021-07-11 21:49:00,114.0
2021-07-11 22:04:00,115.0
2021-07-11 22:19:00,97.0
2021-07-11 22:34:00,77.0
2021-07-11 22:49:00,71.0
2021-07-11 23:04:00,75.0
2021-07-11 23:30:00,
2021-07-11 23:30:00,
2021-07-12 01:38:00,73.0
2021-07-12 01:53:00,74.0
2021-07-12 02:08:00,72.0
2021-07-12 02:23:00,73.0
2021-07-12 02:38:00,74.0
2021-07-12 02:53:00,74.0
2021-07-12 03:08:00,75.0
2021-07-12 03:23:00,73.0
2021-07-12 03:38:00,71.0
2021-07-12 03:53:00,70.0
2021-07-12 04:08:00,72.0
2021-07-12 04:23:00,73.0
2021-07-12 04:38:00,74.0
2021-07-12 04:53:00,74.0
2021-07-12 05:08:00,74.0
2021-07-12 05:23:00,74.0
2021-07-12 05:38:00,74.0
2021-07-12 05:53:00,74.0
2021-07-12 06:08:00,71.0
2021-07-12 06:23:00,72.0
2021-07-12 06:38:00,73.0
2021-07-12 06:53:00,74.0
2021-07-12 07:08:00,73.0
2021-07-12 07:23:00,72.0
2021-07-12 07:38:00,71.0
2021-07-12 07:53:00,71.0
2021-07-12 08:08:00,72.0
2021-07-12 08:23:00,74.0
2021-07-12 08:38:00,73.0
2021-07-12 08:53:00,73.0
2021-07-12 09:08:00,76.0
2021-07-12 09:25:00,74.0
2021-07-12 09:27:00,
2021-07-12 09:40:00,77.0
2021-07-12 09:55:00,80.0
2021-07-12 10:10:00,78.0
2021-07-12 10:25:00,76.0
2021-07-12 10:40:00,81.0
2021-07-12 10:55:00,80.0
2021-07-12 11:10:00,78.0
2021-07-12 11:25:00,80.0
2021-07-12 11:40:00,78.0
2021-07-12 11:55:00,77.0
2021-07-12 12:10:00,79.0
2021-07-12 12:25:00,80.0
2021-07-12 12:40:00,78.0
2021-07-12 12:55:00,78.0
2021-07-12 13:10:00,78.0
2021-07-12 13:25:00,76.0
2021-07-12 13:40:00,78.0
2021-07-12 13:55:00,80.0
2021-07-12 14:11:00,80.0
2021-07-12 14:24:00,
2021-07-12 14:26:00,78.0
2021-07-12 14:41:00,83.0
2021-07-12 14:56:00,94.0
2021-07-12 15:11:00,95.0
2021-07-12 15:26:00,94.0
2021-07-12 15:41:00,112.0
2021-07-12 15:56:00,130.0
2021-07-12 16:11:00,132.0
2021-07-12 16:26:00,135.0
2021-07-12 16:42:00,130.0
2021-07-12 16:53:00,
2021-07-12 16:57:00,123.0
2021-07-12 17:12:00,120.0
2021-07-12 17:27:00,115.0
2021-07-12 17:42:00,105.0
2021-07-12 17:57:00,100.0
2021-07-12 18:12:00,98.0
2021-07-12 18:27:00,91.0
2021-07-12 18:42:00,79.0
2021-07-12 18:57:00,74.0
2021-07-12 19:12:00,71.0
2021-07-12 19:27:00,
2021-07-12 19:27:00,
2021-07-12 19:28:00,80.0
2021-07-12 19:43:00,93.0
2021-07-12 19:58:00,99.0
2021-07-12 20:13:00,105.0
2021-07-12 20:24:00,
2021-07-12 20:28:00,100.0
2021-07-12 20:43:00,91.0
2021-07-12 21:00:00,88.0
2021-07-12 21:06:00,
2021-07-12 21:15:00,88.0
2021-07-12 21:30:00,87.0
2021-07-12 21:45:00,81.0
2021-07-12 22:00:00,77.0
2021-07-12 22:15:00,75.0
2021-07-12 22:30:00,73.0
2021-07-12 22:45:00,74.0
2021-07-12 23:00:00,74.0
2021-07-12 23:15:00,73.0
2021-07-12 23:30:00,76.0
2021-07-12 23:45:00,79.0
2021-07-13 00:20:00,
2021-07-13 02:03:00,80.0
2021-07-13 02:18:00,80.0
2021-07-13 02:33:00,77.0
2021-07-13 02:48:00,76.0
2021-07-13 03:03:00,78.0
2021-07-13 03:18:00,78.0
2021-07-13 03:33:00,76.0
2021-07-13 03:48:00,74.0
2021-07-13 04:03:00,71.0
2021-07-13 04:18:00,72.0
2021-07-13 04:33:00,73.0
2021-07-13 04:48:00,74.0
2021-07-13 05:03:00,75.0
2021-07-13 05:18:00,74.0
2021-07-13 05:33:00,70.0
2021-07-13 05:48:00,70.0
2021-07-13 06:03:00,71.0
2021-07-13 06:18:00,71.0
2021-07-13 06:33:00,72.0
2021-07-13 06:48:00,73.0
2021-07-13 07:03:00,70.0
2021-07-13 07:18:00,65.0
2021-07-13 07:33:00,65.0
2021-07-13 07:48:00,71.0
2021-07-13 08:03:00,76.0
2021-07-13 08:18:00,75.0
2021-07-13 08:33:00,73.0
2021-07-13 08:48:00,71.0
2021-07-13 09:03:00,72.0
2021-07-13 09:18:00,76.0
2021-07-13 09:33:00,77.0
2021-07-13 09:49:00,75.0
2021-07-13 09:55:00,
2021-07-13 10:04:00,77.0
2021-07-13 10:19:00,78.0
2021-07-13 10:34:00,82.0
2021-07-13 10:49:00,92.0
2021-07-13 11:04:00,99.0
2021-07-13 11:20:00,89.0
2021-07-13 11:25:00,
2021-07-13 11:25:00,
2021-07-13 11:35:00,78.0
2021-07-13 11:50:00,75.0
2021-07-13 12:05:00,83.0
2021-07-13 12:20:00,86.0
2021-07-13 12:35:00,80.0
2021-07-13 12:37:00,
2021-07-13 12:50:00,77.0
2021-07-13 13:05:00,78.0
2021-07-13 13:20:00,81.0
2021-07-13 13:35:00,82.0
2021-07-13 13:50:00,79.0
2021-07-13 14:00:00,
2021-07-13 14:05:00,80.0
2021-07-13 14:20:00,89.0
2021-07-13 14:35:00,102.0
2021-07-13 14:50:00,102.0
2021-07-13 15:04:00,
2021-07-13 15:05:00,94.0
2021-07-13 15:20:00,111.0
2021-07-13 15:35:00,145.0
2021-07-13 15:50:00,169.0
2021-07-13 16:06:00,177.0
2021-07-13 16:09:00,
2021-07-13 16:23:00,159.0
2021-07-13 16:23:00,
2021-07-13 16:38:00,148.0
2021-07-13 16:53:00,135.0
2021-07-13 17:08:00,120.0
2021-07-13 17:23:00,106.0
2021-07-13 17:38:00,95.0
2021-07-13 17:53:00,91.0
2021-07-13 18:08:00,84.0
2021-07-13 18:23:00,80.0
2021-07-13 18:38:00,89.0
2021-07-13 18:53:00,104.0
2021-07-13 19:08:00,114.0
2021-07-13 19:23:00,105.0
2021-07-13 19:38:00,89.0
2021-07-13 19:53:00,85.0
2021-07-13 20:08:00,81.0
2021-07-13 20:23:00,77.0
2021-07-13 20:38:00,78.0
2021-07-13 20:53:00,80.0
2021-07-13 21:08:00,76.0
2021-07-13 21:23:00,73.0
2021-07-13 21:38:00,78.0
2021-07-13 21:53:00,84.0
2021-07-13 21:56:00,
2021-07-13 22:08:00,84.0
2021-07-13 22:23:00,85.0
2021-07-13 22:38:00,90.0
2021-07-13 22:53:00,93.0
2021-07-13 23:13:00,
2021-07-14 01:13:00,79.0
2021-07-14 01:28:00,77.0
2021-07-14 01:43:00,79.0
2021-07-14 01:58:00,77.0
2021-07-14 02:13:00,77.0
2021-07-14 02:28:00,82.0
2021-07-14 02:43:00,82.0
2021-07-14 02:58:00,79.0
2021-07-14 03:13:00,76.0
2021-07-14 03:28:00,75.0
2021-07-14 03:43:00,77.0
2021-07-14 03:58:00,76.0
2021-07-14 04:13:00,73.0
2021-07-14 04:28:00,72.0
2021-07-14 04:43:00,73.0
2021-07-14 04:58:00,74.0
2021-07-14 05:13:00,74.0
2021-07-14 05:28:00,75.0
2021-07-14 05:43:00,76.0
2021-07-14 05:58:00,75.0
2021-07-14 06:13:00,72.0
2021-07-14 06:28:00,69.0
2021-07-14 06:43:00,68.0
2021-07-14 06:58:00,72.0
2021-07-14 07:13:00,75.0
2021-07-14 07:28:00,71.0
2021-07-14 07:43:00,71.0
2021-07-14 07:58:00,71.0
2021-07-14 08:13:00,70.0
2021-07-14 08:28:00,71.0
2021-07-14 08:43:00,74.0
2021-07-14 08:58:00,78.0
2021-07-14 09:13:00,
2021-07-14 09:14:00,79.0
2021-07-14 09:29:00,87.0
2021-07-14 09:44:00,110.0
2021-07-14 09:59:00,
2021-07-14 10:01:00,112.0
2021-07-14 10:16:00,102.0
2021-07-14 10:31:00,86.0
2021-07-14 10:46:00,83.0
2021-07-14 11:01:00,86.0
2021-07-14 11:16:00,85.0
2021-07-14 11:31:00,77.0
2021-07-14 11:46:00,73.0
2021-07-14 12:01:00,76.0
2021-07-14 12:16:00,82.0
2021-07-14 12:31:00,86.0
2021-07-14 12:46:00,94.0
2021-07-14 13:01:00,103.0
2021-07-14 13:16:00,98.0
2021-07-14 13:31:00,87.0
2021-07-14 13:46:00,81.0
2021-07-14 14:01:00,82.0
2021-07-14 14:16:00,84.0
2021-07-14 14:31:00,81.0
2021-07-14 14:46:00,86.0
2021-07-14 15:01:00,96.0
2021-07-14 15:16:00,104.0
2021-07-14 15:31:00,120.0
2021-07-14 15:46:00,127.0
2021-07-14 16:01:00,111.0
2021-07-14 16:16:00,92.0
2021-07-14 16:31:00,82.0
2021-07-14 16:46:00,75.0
2021-07-14 17:01:00,72.0
2021-07-14 17:16:00,75.0
2021-07-14 17:31:00,78.0
2021-07-14 17:48:00,80.0
2021-07-14 17:50:00,
2021-07-14 18:03:00,82.0
2021-07-14 18:18:00,79.0
2021-07-14 18:33:00,78.0
2021-07-14 18:48:00,83.0
2021-07-14 19:03:00,91.0
2021-07-14 19:18:00,108.0
2021-07-14 19:33:00,116.0
2021-07-14 19:48:00,107.0
2021-07-14 20:03:00,98.0
2021-07-14 20:18:00,95.0
2021-07-14 20:33:00,93.0
2021-07-14 20:48:00,90.0
2021-07-14 20:56:00,
2021-07-14 21:03:00,88.0
2021-07-14 21:18:00,91.0
2021-07-14 21:44:00,
2021-07-15 00:35:00,88.0
2021-07-15 00:50:00,84.0
2021-07-15 01:05:00,84.0
2021-07-15 01:20:00,88.0
2021-07-15 01:35:00,93.0
2021-07-15 01:50:00,98.0
2021-07-15 02:05:00,100.0
2021-07-15 02:20:00,98.0
2021-07-15 02:35:00,96.0
2021-07-15 02:50:00,91.0
2021-07-15 03:05:00,84.0
2021-07-15 03:20:00,82.0
2021-07-15 03:35:00,81.0
2021-07-15 03:50:00,77.0
2021-07-15 04:05:00,80.0
2021-07-15 04:20:00,82.0
2021-07-15 04:35:00,80.0
2021-07-15 04:50:00,78.0
2021-07-15 05:05:00,77.0
2021-07-15 05:15:00,
2021-07-15 05:20:00,77.0
2021-07-15 05:35:00,75.0
2021-07-15 05:50:00,
2021-07-15 05:52:00,87.0
2021-07-15 06:07:00,88.0
2021-07-15 06:22:00,84.0
2021-07-15 06:37:00,82.0
2021-07-15 06:52:00,81.0
2021-07-15 07:07:00,82.0
2021-07-15 07:22:00,90.0
2021-07-15 07:37:00,92.0
2021-07-15 07:52:00,86.0
2021-07-15 08:07:00,86.0
2021-07-15 08:22:00,93.0
2021-07-15 08:37:00,97.0
2021-07-15 08:52:00,91.0
2021-07-15 09:07:00,84.0
2021-07-15 09:23:00,86.0
2021-07-15 09:34:00,
2021-07-15 09:38:00,91.0
2021-07-15 09:53:00,84.0
2021-07-15 10:08:00,78.0
2021-07-15 10:23:00,79.0
2021-07-15 10:38:00,84.0
2021-07-15 10:53:00,87.0
2021-07-15 11:08:00,81.0
2021-07-15 11:23:00,76.0
2021-07-15 11:38:00,80.0
2021-07-15 11:53:00,81.0
2021-07-15 12:08:00,81.0
2021-07-15 12:23:00,83.0
2021-07-15 12:38:00,84.0
2021-07-15 12:53:00,87.0
2021-07-15 13:09:00,121.0
2021-07-15 13:20:00,
2021-07-15 13:24:00,149.0
2021-07-15 13:39:00,138.0
2021-07-15 13:54:00,115.0
2021-07-15 14:11:00,89.0
2021-07-15 14:17:00,
2021-07-15 14:17:00,
2021-07-15 14:26:00,79.0
2021-07-15 14:41:00,84.0
2021-07-15 14:56:00,89.0
2021-07-15 15:11:00,94.0
2021-07-15 15:26:00,99.0
2021-07-15 15:41:00,99.0
2021-07-15 15:56:00,102.0
2021-07-15 16:11:00,99.0
2021-07-15 16:26:00,87.0
2021-07-15 16:41:00,82.0
2021-07-15 16:56:00,90.0
2021-07-15 17:11:00,94.0
2021-07-15 17:26:00,91.0
2021-07-15 17:41:00,88.0
2021-07-15 17:56:00,87.0
2021-07-15 18:11:00,91.0
2021-07-15 18:26:00,88.0
2021-07-15 18:41:00,86.0
2021-07-15 18:56:00,83.0
2021-07-15 19:11:00,86.0
2021-07-15 19:26:00,98.0
2021-07-15 19:41:00,114.0
2021-07-15 19:52:00,
2021-07-15 19:56:00,113.0
2021-07-15 20:11:00,103.0
2021-07-15 20:26:00,90.0
2021-07-15 20:41:00,85.0
2021-07-15 20:56:00,85.0
2021-07-15 21:11:00,85.0
2021-07-15 21:26:00,83.0
2021-07-15 21:43:00,
2021-07-16 01:32:00,82.0
2021-07-16 01:47:00,74.0
2021-07-16 02:02:00,74.0
2021-07-16 02:17:00,75.0
2021-07-16 02:32:00,76.0
2021-07-16 02:47:00,76.0
2021-07-16 03:02:00,74.0
2021-07-16 03:17:00,74.0
2021-07-16 03:32:00,72.0
2021-07-16 03:47:00,69.0
2021-07-16 04:02:00,68.0
2021-07-16 04:17:00,71.0
2021-07-16 04:32:00,73.0
2021-07-16 04:47:00,73.0
2021-07-16 05:02:00,74.0
2021-07-16 05:17:00,73.0
2021-07-16 05:32:00,71.0
2021-07-16 05:47:00,71.0
2021-07-16 06:02:00,72.0
2021-07-16 06:17:00,72.0
2021-07-16 06:32:00,70.0
2021-07-16 06:47:00,70.0
2021-07-16 07:02:00,71.0
2021-07-16 07:17:00,70.0
2021-07-16 07:32:00,71.0
2021-07-16 07:47:00,70.0
2021-07-16 08:02:00,70.0
2021-07-16 08:17:00,71.0
2021-07-16 08:32:00,70.0
2021-07-16 08:47:00,72.0
2021-07-16 09:02:00,74.0
2021-07-16 09:19:00,73.0
2021-07-16 09:31:00,
2021-07-16 09:31:00,
2021-07-16 09:34:00,74.0
2021-07-16 09:49:00,75.0
2021-07-16 10:04:00,76.0
2021-07-16 10:19:00,76.0
2021-07-16 10:34:00,76.0
2021-07-16 10:49:00,77.0
2021-07-16 11:04:00,75.0
2021-07-16 11:19:00,74.0
2021-07-16 11:34:00,78.0
2021-07-16 11:49:00,76.0
2021-07-16 12:04:00,71.0
2021-07-16 12:19:00,73.0
2021-07-16 12:34:00,72.0
2021-07-16 12:49:00,78.0
2021-07-16 13:04:00,77.0
2021-07-16 13:19:00,74.0
2021-07-16 13:34:00,76.0
2021-07-16 13:49:00,87.0
2021-07-16 14:04:00,105.0
2021-07-16 14:19:00,116.0
2021-07-16 14:35:00,118.0
2021-07-16 14:42:00,
2021-07-16 14:50:00,117.0
2021-07-16 15:05:00,135.0
2021-07-16 15:20:00,147.0
2021-07-16 15:35:00,140.0
2021-07-16 15:50:00,126.0
2021-07-16 16:05:00,115.0
2021-07-16 16:20:00,109.0
2021-07-16 16:35:00,103.0
2021-07-16 16:50:00,97.0
2021-07-16 17:05:00,89.0
2021-07-16 17:20:00,86.0
2021-07-16 17:35:00,88.0
2021-07-16 17:50:00,83.0
2021-07-16 18:05:00,86.0
2021-07-16 18:21:00,91.0
2021-07-16 18:24:00,
2021-07-16 18:25:00,
2021-07-16 18:36:00,84.0
2021-07-16 18:51:00,86.0
2021-07-16 19:06:00,87.0
2021-07-16 19:21:00,89.0
2021-07-16 19:36:00,88.0
2021-07-16 19:51:00,84.0
2021-07-16 20:06:00,92.0
2021-07-16 20:21:00,109.0
2021-07-16 20:36:00,111.0
2021-07-16 20:51:00,95.0
2021-07-16 21:07:00,80.0
2021-07-16 21:20:00,
2021-07-16 21:22:00,79.0
2021-07-16 21:37:00,76.0
2021-07-16 21:52:00,80.0
2021-07-16 22:07:00,86.0
2021-07-16 22:22:00,87.0
2021-07-16 22:37:00,88.0
2021-07-16 22:52:00,93.0
2021-07-16 23:07:00,98.0
2021-07-16 23:24:00,
2021-07-17 04:13:00,88.0
2021-07-17 04:28:00,84.0
2021-07-17 04:43:00,84.0
2021-07-17 04:58:00,87.0
2021-07-17 05:13:00,87.0
2021-07-17 05:28:00,87.0
2021-07-17 05:43:00,90.0
2021-07-17 05:58:00,86.0
2021-07-17 06:13:00,77.0
2021-07-17 06:28:00,80.0
2021-07-17 06:43:00,86.0
2021-07-17 06:58:00,85.0
2021-07-17 07:13:00,81.0
2021-07-17 07:28:00,76.0
2021-07-17 07:43:00,74.0
2021-07-17 07:58:00,73.0
2021-07-17 08:13:00,77.0
2021-07-17 08:28:00,80.0
2021-07-17 08:43:00,81.0
2021-07-17 08:58:00,81.0
2021-07-17 09:13:00,83.0
2021-07-17 09:28:00,87.0
2021-07-17 09:43:00,84.0
2021-07-17 09:58:00,78.0
2021-07-17 10:13:00,79.0
2021-07-17 10:28:00,79.0
2021-07-17 10:43:00,76.0
2021-07-17 10:58:00,76.0
2021-07-17 11:13:00,78.0
2021-07-17 11:28:00,77.0
2021-07-17 11:43:00,79.0
2021-07-17 11:58:00,79.0
2021-07-17 12:10:00,
2021-07-17 12:10:00,
2021-07-17 12:13:00,78.0
2021-07-17 12:28:00,77.0
2021-07-17 12:43:00,80.0
2021-07-17 12:58:00,91.0
2021-07-17 13:13:00,103.0
2021-07-17 13:28:00,102.0
2021-07-17 13:43:00,96.0
2021-07-17 13:58:00,91.0
2021-07-17 14:15:00,87.0
2021-07-17 14:22:00,
2021-07-17 14:30:00,90.0
2021-07-17 14:45:00,91.0
2021-07-17 15:00:00,91.0
2021-07-17 15:15:00,88.0
2021-07-17 15:30:00,87.0
2021-07-17 15:45:00,91.0
2021-07-17 16:00:00,90.0
2021-07-17 16:15:00,91.0
2021-07-17 16:30:00,90.0
2021-07-17 16:45:00,86.0
2021-07-17 17:00:00,89.0
2021-07-17 17:00:00,
2021-07-17 17:15:00,88.0
2021-07-17 17:30:00,80.0
2021-07-17 17:45:00,84.0
2021-07-17 18:00:00,98.0
2021-07-17 18:02:00,
2021-07-17 18:18:00,
2021-07-17 18:18:00,99.0
2021-07-17 18:33:00,107.0
2021-07-17 18:48:00,119.0
2021-07-17 19:03:00,122.0
2021-07-17 19:18:00,113.0
2021-07-17 19:33:00,103.0
2021-07-17 19:48:00,95.0
2021-07-17 20:03:00,92.0
2021-07-17 20:18:00,88.0
2021-07-17 20:33:00,87.0
2021-07-17 20:48:00,88.0
2021-07-17 21:03:00,96.0
2021-07-17 21:18:00,108.0
2021-07-17 21:33:00,120.0
2021-07-17 21:48:00,127.0
2021-07-17 22:03:00,113.0
2021-07-17 22:18:00,89.0
2021-07-17 22:33:00,81.0
2021-07-17 22:48:00,84.0
2021-07-17 23:03:00,87.0
2021-07-17 23:18:00,88.0
2021-07-17 23:33:00,83.0
2021-07-17 23:48:00,79.0
2021-07-18 00:03:00,78.0
2021-07-18 00:19:00,
2021-07-18 01:37:00,81.0
2021-07-18 01:52:00,82.0
2021-07-18 02:07:00,81.0
2021-07-18 02:22:00,80.0
2021-07-18 02:37:00,80.0
2021-07-18 02:52:00,80.0
2021-07-18 03:07:00,78.0
2021-07-18 03:22:00,75.0
2021-07-18 03:37:00,74.0
2021-07-18 03:52:00,77.0
2021-07-18 04:07:00,79.0
2021-07-18 04:22:00,78.0
2021-07-18 04:37:00,77.0
2021-07-18 04:52:00,78.0
2021-07-18 05:07:00,77.0
2021-07-18 05:22:00,72.0
2021-07-18 05:37:00,71.0
2021-07-18 05:52:00,76.0
2021-07-18 06:07:00,76.0
2021-07-18 06:22:00,74.0
2021-07-18 06:37:00,75.0
2021-07-18 06:52:00,75.0
2021-07-18 07:07:00,74.0
2021-07-18 07:22:00,73.0
2021-07-18 07:37:00,74.0
2021-07-18 07:52:00,74.0
2021-07-18 08:07:00,73.0
2021-07-18 08:22:00,74.0
2021-07-18 08:37:00,75.0
2021-07-18 08:52:00,76.0
2021-07-18 09:07:00,78.0
2021-07-18 09:23:00,80.0
2021-07-18 09:29:00,
2021-07-18 09:38:00,81.0
2021-07-18 09:53:00,78.0
2021-07-18 10:08:00,78.0
2021-07-18 10:23:00,85.0
2021-07-18 10:38:00,87.0
2021-07-18 10:53:00,82.0
2021-07-18 11:08:00,81.0
2021-07-18 11:24:00,91.0
2021-07-18 11:35:00,
2021-07-18 11:39:00,100.0
2021-07-18 11:54:00,101.0
2021-07-18 12:09:00,102.0
2021-07-18 12:24:00,107.0
2021-07-18 12:39:00,112.0
2021-07-18 12:54:00,109.0
2021-07-18 13:09:00,104.0
2021-07-18 13:24:00,100.0
2021-07-18 13:39:00,92.0
2021-07-18 13:54:00,84.0
2021-07-18 14:09:00,83.0
2021-07-18 14:24:00,83.0
2021-07-18 14:39:00,84.0
2021-07-18 14:54:00,87.0
2021-07-18 15:09:00,86.0
2021-07-18 15:24:00,86.0
2021-07-18 15:39:00,94.0
2021-07-18 15:54:00,108.0
2021-07-18 16:09:00,116.0
2021-07-18 16:25:00,109.0
2021-07-18 16:28:00,
2021-07-18 16:40:00,107.0
2021-07-18 16:55:00,106.0
2021-07-18 17:10:00,107.0
2021-07-18 17:25:00,101.0
2021-07-18 17:40:00,95.0
2021-07-18 17:55:00,95.0
2021-07-18 18:10:00,95.0
2021-07-18 18:25:00,91.0
2021-07-18 18:42:00,100.0
2021-07-18 18:43:00,
2021-07-18 18:57:00,127.0
2021-07-18 19:12:00,132.0
2021-07-18 19:27:00,112.0
2021-07-18 19:42:00,113.0
2021-07-18 19:57:00,137.0
2021-07-18 20:12:00,157.0
2021-07-18 20:27:00,163.0
2021-07-18 20:42:00,145.0
2021-07-18 20:57:00,109.0
2021-07-18 21:12:00,95.0
2021-07-18 21:27:00,118.0
2021-07-18 21:42:00,133.0
2021-07-18 21:57:00,129.0
2021-07-18 22:17:00,
2021-07-19 00:16:00,96.0
2021-07-19 00:31:00,92.0
2021-07-19 00:46:00,95.0
2021-07-19 01:01:00,102.0
2021-07-19 01:16:00,99.0
2021-07-19 01:31:00,88.0
2021-07-19 01:46:00,81.0
2021-07-19 02:01:00,78.0
2021-07-19 02:16:00,78.0
2021-07-19 02:31:00,75.0
2021-07-19 02:46:00,71.0
2021-07-19 03:01:00,71.0
2021-07-19 03:16:00,70.0
2021-07-19 03:31:00,70.0
2021-07-19 03:46:00,73.0
2021-07-19 04:01:00,75.0
2021-07-19 04:16:00,76.0
2021-07-19 04:31:00,78.0
2021-07-19 04:46:00,78.0
2021-07-19 05:01:00,76.0
2021-07-19 05:16:00,77.0
2021-07-19 05:31:00,78.0
2021-07-19 05:46:00,78.0
2021-07-19 06:01:00,77.0
2021-07-19 06:16:00,79.0
2021-07-19 06:31:00,82.0
2021-07-19 06:46:00,85.0
2021-07-19 07:01:00,85.0
2021-07-19 07:16:00,83.0
2021-07-19 07:31:00,95.0
2021-07-19 07:46:00,118.0
2021-07-19 08:01:00,136.0
2021-07-19 08:17:00,
2021-07-19 08:49:00,86.0
2021-07-19 09:04:00,83.0
2021-07-19 09:19:00,80.0
2021-07-19 09:34:00,80.0
2021-07-19 09:49:00,79.0
2021-07-19 10:04:00,80.0
2021-07-19 10:19:00,80.0
2021-07-19 10:34:00,77.0
2021-07-19 10:49:00,81.0
2021-07-19 11:04:00,86.0
2021-07-19 11:19:00,94.0
2021-07-19 11:34:00,107.0
2021-07-19 11:49:00,123.0
2021-07-19 12:04:00,144.0
2021-07-19 12:19:00,135.0
2021-07-19 12:34:00,100.0
2021-07-19 12:49:00,93.0
2021-07-19 13:04:00,91.0
2021-07-19 13:19:00,81.0
2021-07-19 13:34:00,80.0
2021-07-19 13:49:00,85.0
2021-07-19 14:04:00,92.0
2021-07-19 14:19:00,99.0
2021-07-19 14:34:00,98.0
2021-07-19 14:49:00,86.0
2021-07-19 15:04:00,83.0
2021-07-19 15:19:00,85.0
2021-07-19 15:34:00,86.0
2021-07-19 15:49:00,84.0
2021-07-19 16:04:00,82.0
2021-07-19 16:19:00,83.0
2021-07-19 16:36:00,82.0
2021-07-19 16:39:00,
2021-07-19 16:51:00,82.0
2021-07-19 17:06:00,80.0
2021-07-19 17:21:00,81.0
2021-07-19 17:36:00,106.0
2021-07-19 17:51:00,136.0
2021-07-19 18:06:00,135.0
2021-07-19 18:21:00,133.0
2021-07-19 18:36:00,136.0
2021-07-19 18:51:00,141.0
2021-07-19 19:06:00,138.0
2021-07-19 19:20:00,
2021-07-19 19:21:00,121.0
2021-07-19 19:36:00,121.0
2021-07-19 19:51:00,132.0
2021-07-19 20:06:00,134.0
2021-07-19 20:21:00,131.0
2021-07-19 20:36:00,128.0
2021-07-19 20:54:00,
2021-07-20 00:10:00,76.0
2021-07-20 00:25:00,77.0
2021-07-20 00:40:00,78.0
2021-07-20 00:55:00,81.0
2021-07-20 01:10:00,82.0
2021-07-20 01:25:00,83.0
2021-07-20 01:40:00,83.0
2021-07-20 01:55:00,85.0
2021-07-20 02:10:00,85.0
2021-07-20 02:25:00,81.0
2021-07-20 02:40:00,78.0
2021-07-20 02:55:00,79.0
2021-07-20 03:10:00,80.0
2021-07-20 03:25:00,80.0
2021-07-20 03:40:00,80.0
2021-07-20 03:55:00,83.0
2021-07-20 04:10:00,87.0
2021-07-20 04:25:00,85.0
2021-07-20 04:40:00,81.0
2021-07-20 04:55:00,82.0
2021-07-20 05:10:00,83.0
2021-07-20 05:25:00,82.0
2021-07-20 05:40:00,83.0
2021-07-20 05:55:00,80.0
2021-07-20 06:10:00,79.0
2021-07-20 06:25:00,80.0
2021-07-20 06:40:00,79.0
2021-07-20 06:55:00,77.0
2021-07-20 07:10:00,80.0
2021-07-20 07:25:00,83.0
2021-07-20 07:40:00,82.0
2021-07-20 07:59:00,
